date,customer_id,product_id,product_name,category,price,quantity,total_amount,is_anomaly
2023-06-22,145,63,Product 63,Beauty,477.47,3,1432.4,False
2023-08-06,399,60,Product 60,Home,293.49,4,1173.96,False
2023-09-05,357,94,Product 94,Groceries,300.44,4,1201.75,False
2023-02-28,50,69,Product 69,Home,267.41,1,267.41,False
2023-07-16,228,41,Product 41,Groceries,146.21,3,438.62,False
2023-11-28,240,15,Product 15,Groceries,181.29,1,181.29,False
2023-07-08,261,49,Product 49,Home,256.96,3,770.89,False
2023-05-23,190,38,Product 38,Electronics,159.91,1,159.91,False
2023-03-10,397,58,Product 58,Beauty,353.04,2,706.07,False
2023-01-21,300,4,Product 4,Home,62.83,4,251.33,False
2023-05-24,357,30,Product 30,Beauty,562.08,4,2248.34,False
2023-12-16,246,81,Product 81,Electronics,147.69,2,295.39,False
2023-04-13,348,84,Product 84,Electronics,135.88,1,135.88,False
2023-09-19,220,15,Product 15,Groceries,144.86,4,579.46,False
2023-04-05,448,43,Product 43,Home,498.63,4,1994.54,False
2023-11-03,359,34,Product 34,Beauty,173.53,2,347.05,False
2023-12-03,18,22,Product 22,Clothing,159.71,4,638.84,False
2023-06-30,45,71,Product 71,Home,13.13,3,39.38,False
2023-02-13,205,77,Product 77,Electronics,160.07,2,320.15,False
2023-11-18,332,10,Product 10,Beauty,281.21,2,562.41,False
2023-04-17,488,11,Product 11,Clothing,332.27,1,332.27,False
2023-07-17,424,14,Product 14,Clothing,30.8,4,123.21,False
2023-03-28,154,36,Product 36,Clothing,524.51,1,524.51,False
2023-03-30,470,33,Product 33,Groceries,41.76,1,41.76,False
2023-09-05,323,66,Product 66,Home,145.54,3,436.63,False
2023-10-28,70,5,Product 5,Home,383.31,2,766.63,False
2023-07-26,211,35,Product 35,Clothing,240.83,1,240.83,False
2023-08-10,431,50,Product 50,Home,56.82,3,170.46,False
2023-11-18,142,99,Product 99,Home,174.72,3,524.17,False
2023-02-27,241,61,Product 61,Groceries,495.97,1,495.97,False
2023-07-07,251,12,Product 12,Groceries,19.67,3,59.0,False
2023-08-29,484,84,Product 84,Electronics,96.01,1,96.01,False
2023-08-16,485,59,Product 59,Beauty,103.66,3,310.97,False
2023-10-19,478,8,Product 8,Clothing,330.6,2,661.2,False
2023-12-26,454,91,Product 91,Electronics,78.31,2,156.62,False
2023-02-18,244,93,Product 93,Beauty,509.16,1,509.16,False
2023-07-24,408,35,Product 35,Clothing,240.49,1,240.49,False
2023-05-18,142,74,Product 74,Clothing,190.5,1,190.5,False
2023-10-24,227,11,Product 11,Clothing,230.64,4,922.58,False
2023-03-29,407,37,Product 37,Groceries,319.83,4,1279.31,False
2023-10-23,403,34,Product 34,Beauty,175.77,4,703.09,False
2023-03-18,12,16,Product 16,Home,220.19,4,880.74,False
2023-09-20,438,42,Product 42,Home,91.56,1,91.56,False
2023-02-06,407,84,Product 84,Electronics,145.9,2,291.8,False
2023-11-23,392,68,Product 68,Electronics,138.81,1,138.81,False
2023-06-06,104,62,Product 62,Beauty,170.16,3,510.49,False
2023-08-27,471,34,Product 34,Beauty,170.48,1,170.48,False
2023-12-26,440,68,Product 68,Electronics,146.03,4,584.11,False
2023-12-07,114,2,Product 2,Home,362.9,1,362.9,False
2023-01-13,390,57,Product 57,Groceries,468.03,1,468.03,False
2023-11-14,358,98,Product 98,Clothing,362.66,3,1087.99,False
2023-10-09,238,14,Product 14,Clothing,29.85,1,29.85,False
2023-07-14,126,54,Product 54,Clothing,19.92,3,59.76,False
2023-05-06,21,28,Product 28,Groceries,185.9,3,557.71,False
2023-06-20,236,1,Product 1,Groceries,440.37,1,440.37,False
2023-04-25,430,97,Product 97,Groceries,544.93,4,2179.71,False
2023-06-17,246,99,Product 99,Home,183.29,3,549.88,False
2023-07-08,140,2,Product 2,Home,369.17,1,369.17,False
2023-05-16,464,31,Product 31,Clothing,265.45,4,1061.79,False
2023-12-17,317,83,Product 83,Beauty,195.97,1,195.97,False
2023-12-25,202,51,Product 51,Home,36.58,1,36.58,True
2023-04-03,16,78,Product 78,Groceries,153.99,1,153.99,False
2023-09-26,440,89,Product 89,Beauty,253.13,3,759.39,False
2023-04-26,478,77,Product 77,Electronics,150.33,3,450.99,False
2023-04-28,459,92,Product 92,Home,114.84,2,229.68,False
2023-03-28,245,12,Product 12,Groceries,26.6,2,53.19,False
2023-12-05,392,71,Product 71,Home,14.54,4,58.14,False
2023-01-10,463,77,Product 77,Electronics,154.32,4,617.29,False
2023-03-01,19,12,Product 12,Groceries,27.86,3,83.57,False
2023-12-13,27,51,Product 51,Home,371.04,1,371.04,False
2023-12-23,241,52,Product 52,Clothing,136.93,1,136.93,False
2023-11-21,11,82,Product 82,Clothing,219.5,1,219.5,False
2023-06-24,79,3,Product 3,Beauty,83.39,3,250.16,False
2023-11-25,70,30,Product 30,Beauty,451.25,3,1353.75,False
2023-02-09,103,46,Product 46,Electronics,381.93,1,381.93,False
2023-12-22,94,75,Product 75,Home,162.49,2,324.98,False
2023-09-11,294,23,Product 23,Beauty,92.55,2,185.11,False
2023-10-17,426,17,Product 17,Groceries,237.97,4,951.87,False
2023-02-19,211,93,Product 93,Beauty,504.22,1,504.22,False
2023-07-26,11,53,Product 53,Home,243.15,2,486.3,False
2023-05-07,339,19,Product 19,Beauty,231.85,4,927.4,False
2023-01-08,320,97,Product 97,Groceries,481.95,2,963.9,False
2023-07-31,133,49,Product 49,Home,256.59,2,513.18,False
2023-05-18,73,37,Product 37,Groceries,314.95,1,314.95,False
2023-01-13,126,54,Product 54,Clothing,24.59,1,24.59,False
2023-07-08,90,61,Product 61,Groceries,440.03,1,440.03,False
2023-10-28,415,75,Product 75,Home,127.94,1,127.94,False
2023-03-17,33,21,Product 21,Groceries,338.7,1,338.7,False
2023-07-05,282,65,Product 65,Groceries,392.73,1,392.73,False
2023-06-24,348,82,Product 82,Clothing,264.8,4,1059.21,False
2023-01-30,292,54,Product 54,Clothing,24.61,3,73.82,False
2023-11-18,324,46,Product 46,Electronics,308.34,4,1233.37,False
2023-08-16,407,49,Product 49,Home,214.86,1,214.86,False
2023-09-20,448,3,Product 3,Beauty,70.99,3,212.96,False
2023-11-15,8,47,Product 47,Clothing,55.38,3,166.14,False
2023-08-19,147,60,Product 60,Home,274.6,4,1098.39,False
2023-01-11,4,95,Product 95,Home,433.55,2,867.09,False
2023-11-28,136,36,Product 36,Clothing,471.87,2,943.73,False
2023-03-04,444,61,Product 61,Groceries,524.32,4,2097.26,False
2023-01-21,410,97,Product 97,Groceries,558.56,4,2234.25,False
2023-02-16,337,47,Product 47,Clothing,71.16,4,284.62,False
2023-12-10,69,78,Product 78,Groceries,145.18,1,145.18,False
2023-07-31,268,85,Product 85,Clothing,246.22,1,246.22,False
2023-02-07,181,1,Product 1,Groceries,582.24,1,582.24,False
2023-07-24,232,62,Product 62,Beauty,150.81,1,150.81,False
2023-10-29,50,75,Product 75,Home,129.27,1,129.27,False
2023-08-09,42,72,Product 72,Home,186.42,2,372.83,False
2023-06-01,85,6,Product 6,Groceries,81.66,1,81.66,False
2023-08-07,260,85,Product 85,Clothing,206.13,2,412.26,False
2023-01-06,344,53,Product 53,Home,315.03,3,945.1,False
2023-07-11,239,57,Product 57,Groceries,419.43,4,1677.71,False
2023-08-16,224,87,Product 87,Groceries,38.86,3,116.58,False
2023-05-03,57,61,Product 61,Groceries,539.53,1,539.53,False
2023-02-13,457,31,Product 31,Clothing,258.06,1,258.06,False
2023-10-24,293,93,Product 93,Beauty,382.32,2,764.64,False
2023-06-06,61,86,Product 86,Clothing,449.11,4,1796.44,False
2023-08-16,10,21,Product 21,Groceries,226.88,2,453.76,False
2023-01-14,66,4,Product 4,Home,60.32,1,60.32,False
2023-09-22,462,89,Product 89,Beauty,277.54,3,832.62,False
2023-10-03,237,91,Product 91,Electronics,71.49,3,214.46,False
2023-10-08,317,97,Product 97,Groceries,354.81,2,709.63,False
2023-01-23,177,89,Product 89,Beauty,375.66,4,1502.64,False
2023-10-15,162,63,Product 63,Beauty,393.06,4,1572.25,False
2023-09-20,99,54,Product 54,Clothing,19.47,3,58.4,False
2023-11-18,326,7,Product 7,Home,18.83,3,56.5,False
2023-05-21,171,54,Product 54,Clothing,26.16,2,52.31,False
2023-12-03,41,19,Product 19,Beauty,239.83,3,719.48,False
2023-01-02,316,92,Product 92,Home,107.75,4,430.98,False
2023-11-25,469,73,Product 73,Beauty,323.33,3,969.99,False
2023-01-05,349,13,Product 13,Home,360.57,1,360.57,False
2023-06-24,327,48,Product 48,Beauty,403.52,4,1614.08,False
2023-11-16,183,82,Product 82,Clothing,234.38,4,937.51,False
2023-06-30,448,21,Product 21,Groceries,290.94,1,290.94,False
2023-08-10,97,45,Product 45,Clothing,55.15,4,220.58,False
2023-07-06,403,91,Product 91,Electronics,71.61,3,214.83,False
2023-07-17,117,42,Product 42,Home,98.34,1,98.34,False
2023-04-25,395,87,Product 87,Groceries,62.73,4,250.9,False
2023-03-26,16,11,Product 11,Clothing,340.61,2,681.21,False
2023-04-02,143,57,Product 57,Groceries,528.23,1,528.23,False
2023-12-27,184,62,Product 62,Beauty,150.67,4,602.69,False
2023-08-21,27,80,Product 80,Beauty,132.5,4,529.99,False
2023-07-06,148,49,Product 49,Home,235.68,3,707.03,False
2023-10-22,64,91,Product 91,Electronics,63.78,2,127.56,False
2023-03-31,136,43,Product 43,Home,456.07,1,456.07,False
2023-02-25,285,77,Product 77,Electronics,152.7,4,610.79,False
2023-11-07,401,63,Product 63,Beauty,392.92,1,392.92,False
2023-08-26,38,48,Product 48,Beauty,304.06,1,304.06,False
2023-10-30,370,46,Product 46,Electronics,235.26,3,705.77,False
2023-04-06,202,24,Product 24,Groceries,283.2,3,849.6,False
2023-09-14,220,24,Product 24,Groceries,183.14,2,366.28,False
2023-01-05,108,40,Product 40,Electronics,402.5,3,1207.51,False
2023-11-18,263,76,Product 76,Electronics,188.04,1,188.04,False
2023-02-04,251,98,Product 98,Clothing,476.63,3,1429.88,False
2023-09-04,274,41,Product 41,Groceries,131.29,1,131.29,False
2023-02-06,475,10,Product 10,Beauty,377.8,3,1133.39,False
2023-07-16,9,74,Product 74,Clothing,164.15,1,164.15,False
2023-04-04,359,86,Product 86,Clothing,612.17,3,1836.52,False
2023-04-08,39,18,Product 18,Home,459.8,2,919.6,False
2023-12-08,14,48,Product 48,Beauty,344.97,2,689.93,False
2023-07-30,297,91,Product 91,Electronics,76.13,1,76.13,False
2023-10-01,158,45,Product 45,Clothing,57.43,1,57.43,False
2023-11-09,54,64,Product 64,Groceries,113.6,1,113.6,False
2023-03-19,179,63,Product 63,Beauty,477.09,1,477.09,False
2023-04-23,19,67,Product 67,Groceries,199.0,1,199.0,False
2023-10-11,201,77,Product 77,Electronics,113.72,3,341.17,False
2023-02-01,178,10,Product 10,Beauty,386.07,2,772.13,False
2023-10-01,339,89,Product 89,Beauty,290.79,4,1163.16,False
2023-02-24,471,94,Product 94,Groceries,394.4,1,394.4,False
2023-04-20,115,66,Product 66,Home,183.5,2,367.0,False
2023-08-27,382,5,Product 5,Home,353.52,2,707.03,False
2023-07-16,377,26,Product 26,Home,384.16,2,768.32,False
2023-07-27,89,96,Product 96,Home,161.5,3,484.49,False
2023-06-07,81,87,Product 87,Groceries,48.57,2,97.13,False
2023-06-02,170,30,Product 30,Beauty,448.8,1,448.8,False
2023-03-09,48,54,Product 54,Clothing,25.24,1,25.24,False
2023-10-21,345,26,Product 26,Home,403.7,4,1614.81,False
2023-04-17,140,24,Product 24,Groceries,243.61,4,974.45,False
2023-01-11,389,68,Product 68,Electronics,157.4,1,157.4,False
2023-03-31,90,25,Product 25,Groceries,326.79,4,1307.14,False
2023-01-19,197,45,Product 45,Clothing,71.36,1,71.36,False
2023-05-24,483,87,Product 87,Groceries,53.51,2,107.01,False
2023-08-21,99,50,Product 50,Home,58.32,2,116.64,False
2023-12-08,476,51,Product 51,Home,372.74,2,745.48,False
2023-05-06,375,48,Product 48,Beauty,418.44,4,1673.76,False
2023-10-17,257,44,Product 44,Home,41.39,3,124.18,False
2023-09-22,211,81,Product 81,Electronics,115.7,3,347.11,False
2023-06-20,247,13,Product 13,Home,332.6,2,665.21,False
2023-08-20,456,47,Product 47,Clothing,45.13,2,90.26,False
2023-08-26,62,66,Product 66,Home,127.16,4,508.64,False
2023-11-15,423,62,Product 62,Beauty,151.25,1,151.25,False
2023-11-01,456,19,Product 19,Beauty,196.31,4,785.22,False
2023-03-28,101,91,Product 91,Electronics,105.54,4,422.18,False
2023-07-08,48,94,Product 94,Groceries,305.11,3,915.32,False
2023-09-22,2,75,Product 75,Home,140.4,1,140.4,False
2023-06-17,24,26,Product 26,Home,491.63,1,491.63,False
2023-06-09,302,26,Product 26,Home,426.18,3,1278.55,False
2023-03-27,489,39,Product 39,Beauty,59.07,2,118.15,False
2023-07-10,59,62,Product 62,Beauty,126.82,2,253.64,False
2023-07-30,158,94,Product 94,Groceries,325.49,1,325.49,False
2023-01-04,431,60,Product 60,Home,359.22,4,1436.88,False
2023-02-06,407,6,Product 6,Groceries,101.8,3,305.39,False
2023-05-14,188,87,Product 87,Groceries,58.14,1,58.14,False
2023-03-09,55,92,Product 92,Home,113.26,4,453.05,False
2023-05-27,23,17,Product 17,Groceries,321.24,1,321.24,False
2023-08-17,485,20,Product 20,Clothing,409.05,3,1227.15,False
2023-10-29,487,32,Product 32,Clothing,368.94,1,368.94,False
2023-10-06,462,12,Product 12,Groceries,16.78,3,50.33,False
2023-10-27,224,12,Product 12,Groceries,18.37,1,18.37,False
2023-02-05,308,75,Product 75,Home,179.29,3,537.86,False
2023-07-14,274,13,Product 13,Home,265.77,1,265.77,False
2023-01-12,164,91,Product 91,Electronics,98.2,2,196.4,False
2023-09-29,333,22,Product 22,Clothing,137.93,3,413.78,False
2023-07-23,161,96,Product 96,Home,162.75,1,162.75,False
2023-07-05,422,88,Product 88,Home,117.97,3,353.9,False
2023-05-12,403,63,Product 63,Beauty,512.84,1,512.84,False
2023-11-16,183,97,Product 97,Groceries,439.25,4,1757.0,False
2023-05-12,479,54,Product 54,Clothing,23.32,3,69.96,False
2023-08-28,384,21,Product 21,Groceries,216.74,2,433.47,False
2023-11-14,165,22,Product 22,Clothing,147.33,3,441.98,False
2023-04-11,49,30,Product 30,Beauty,600.99,1,600.99,False
2023-12-21,40,86,Product 86,Clothing,469.56,1,469.56,False
2023-10-27,449,57,Product 57,Groceries,363.42,2,726.83,False
2023-07-18,165,18,Product 18,Home,370.46,1,370.46,False
2023-03-05,260,19,Product 19,Beauty,257.53,2,515.06,False
2023-07-11,394,82,Product 82,Clothing,236.18,2,472.36,False
2023-01-19,125,17,Product 17,Groceries,345.49,2,690.98,False
2023-07-09,384,97,Product 97,Groceries,444.69,1,444.69,False
2023-11-01,177,21,Product 21,Groceries,250.13,3,750.39,False
2023-01-02,498,67,Product 67,Groceries,200.54,1,200.54,False
2023-08-02,175,70,Product 70,Groceries,139.3,1,139.3,False
2023-07-05,420,36,Product 36,Clothing,436.02,4,1744.09,False
2023-01-14,428,86,Product 86,Clothing,547.06,2,1094.12,False
2023-11-04,413,25,Product 25,Groceries,229.56,1,229.56,False
2023-04-04,375,78,Product 78,Groceries,142.35,1,142.35,False
2023-04-11,428,66,Product 66,Home,184.55,2,369.09,False
2023-08-09,298,18,Product 18,Home,343.71,1,343.71,False
2023-09-09,375,32,Product 32,Clothing,351.21,1,351.21,False
2023-05-24,393,9,Product 9,Clothing,117.0,4,468.01,False
2023-01-12,290,23,Product 23,Beauty,130.83,1,130.83,False
2023-07-12,201,88,Product 88,Home,123.87,4,495.48,False
2023-03-04,182,83,Product 83,Beauty,228.57,1,228.57,False
2023-12-07,120,12,Product 12,Groceries,19.19,3,57.56,False
2023-09-03,112,87,Product 87,Groceries,40.63,3,121.9,False
2023-07-07,120,77,Product 77,Electronics,119.8,3,359.4,False
2023-10-02,294,68,Product 68,Electronics,117.58,3,352.75,False
2023-09-20,117,51,Product 51,Home,329.69,2,659.38,False
2023-01-02,290,63,Product 63,Beauty,441.75,1,441.75,False
2023-05-04,307,51,Product 51,Home,43.34,3,130.02,True
2023-02-06,229,19,Product 19,Beauty,260.39,4,1041.57,False
2023-03-19,47,59,Product 59,Beauty,138.81,3,416.43,False
2023-12-13,392,79,Product 79,Clothing,351.78,3,1055.34,False
2023-01-22,481,35,Product 35,Clothing,281.34,4,1125.38,False
2023-09-25,385,44,Product 44,Home,34.63,3,103.88,False
2023-10-14,327,92,Product 92,Home,79.16,1,79.16,False
2023-07-31,430,16,Product 16,Home,162.64,3,487.93,False
2023-12-17,33,88,Product 88,Home,137.6,4,550.42,False
2023-11-05,307,52,Product 52,Clothing,111.67,1,111.67,False
2023-12-23,94,54,Product 54,Clothing,24.6,4,98.39,False
2023-04-12,263,34,Product 34,Beauty,219.16,3,657.48,False
2023-10-23,400,79,Product 79,Clothing,293.71,1,293.71,False
2023-11-22,301,11,Product 11,Clothing,239.3,2,478.59,False
2023-06-29,334,44,Product 44,Home,48.22,1,48.22,False
2023-07-02,205,13,Product 13,Home,254.31,1,254.31,False
2023-06-19,104,39,Product 39,Beauty,44.23,4,176.9,False
2023-12-20,183,31,Product 31,Clothing,240.75,3,722.24,False
2023-09-15,118,62,Product 62,Beauty,111.78,2,223.57,False
2023-04-09,18,55,Product 55,Beauty,134.74,2,269.48,False
2023-04-25,169,60,Product 60,Home,375.95,2,751.9,False
2023-01-16,500,21,Product 21,Groceries,286.32,4,1145.3,False
2023-05-10,328,7,Product 7,Home,23.17,2,46.33,False
2023-09-07,6,84,Product 84,Electronics,101.85,1,101.85,False
2023-11-26,483,42,Product 42,Home,92.66,3,277.99,False
2023-10-08,330,22,Product 22,Clothing,135.21,2,270.42,False
2023-10-22,489,80,Product 80,Beauty,120.93,1,120.93,False
2023-04-28,498,36,Product 36,Clothing,519.73,3,1559.2,False
2023-08-29,325,18,Product 18,Home,361.43,2,722.87,False
2023-10-14,442,40,Product 40,Electronics,342.04,2,684.08,False
2023-08-21,153,41,Product 41,Groceries,122.55,4,490.21,False
2023-10-26,326,32,Product 32,Clothing,366.54,2,733.08,False
2023-10-11,252,10,Product 10,Beauty,255.98,1,255.98,False
2023-11-26,121,55,Product 55,Beauty,100.69,1,100.69,False
2023-04-30,307,100,Product 100,Electronics,131.29,2,262.57,False
2023-07-14,130,24,Product 24,Groceries,196.95,2,393.91,False
2023-11-12,177,52,Product 52,Clothing,102.89,4,411.54,False
2023-04-29,90,2,Product 2,Home,489.64,3,1468.91,False
2023-04-18,3,89,Product 89,Beauty,369.52,1,369.52,False
2023-06-03,226,74,Product 74,Clothing,185.17,4,740.67,False
2023-08-31,26,69,Product 69,Home,193.25,4,773.01,False
2023-04-09,31,30,Product 30,Beauty,542.33,3,1626.98,False
2023-10-31,415,97,Product 97,Groceries,397.02,3,1191.06,False
2023-08-21,39,22,Product 22,Clothing,126.59,1,126.59,False
2023-01-29,455,23,Product 23,Beauty,127.1,1,127.1,False
2023-03-01,84,82,Product 82,Clothing,293.6,3,880.8,False
2023-04-28,88,35,Product 35,Clothing,317.89,1,317.89,False
2023-09-03,265,86,Product 86,Clothing,365.11,2,730.21,False
2023-04-16,157,48,Product 48,Beauty,466.67,4,1866.7,False
2023-09-23,180,8,Product 8,Clothing,297.13,3,891.38,False
2023-07-17,388,33,Product 33,Groceries,29.41,1,29.41,False
2023-04-29,155,30,Product 30,Beauty,601.52,4,2406.08,False
2023-02-19,322,59,Product 59,Beauty,152.86,1,152.86,False
2023-10-03,486,41,Product 41,Groceries,114.96,2,229.91,False
2023-08-19,334,66,Product 66,Home,144.52,1,144.52,False
2023-06-18,261,92,Product 92,Home,106.77,4,427.07,False
2023-11-24,5,13,Product 13,Home,286.82,3,860.45,False
2023-05-12,325,10,Product 10,Beauty,372.31,2,744.62,False
2023-04-04,30,28,Product 28,Groceries,200.26,4,801.05,False
2023-01-14,186,41,Product 41,Groceries,178.58,3,535.75,False
2023-02-08,391,40,Product 40,Electronics,412.8,2,825.6,False
2023-05-25,255,18,Product 18,Home,437.82,1,437.82,False
2023-02-16,310,91,Product 91,Electronics,89.19,4,356.75,False
2023-07-17,487,91,Product 91,Electronics,82.88,2,165.76,False
2023-12-19,476,65,Product 65,Groceries,470.03,3,1410.09,False
2023-12-16,406,92,Product 92,Home,103.26,4,413.06,False
2023-05-11,83,66,Product 66,Home,188.75,1,188.75,False
2023-04-07,84,73,Product 73,Beauty,416.94,4,1667.75,False
2023-11-01,303,70,Product 70,Groceries,180.42,2,360.84,False
2023-09-19,84,42,Product 42,Home,88.23,3,264.68,False
2023-10-27,240,100,Product 100,Electronics,100.67,2,201.35,False
2023-09-14,311,9,Product 9,Clothing,82.76,4,331.06,False
2023-04-20,478,72,Product 72,Home,238.97,4,955.88,False
2023-03-04,21,92,Product 92,Home,125.06,1,125.06,False
2023-12-01,175,37,Product 37,Groceries,265.64,3,796.92,False
2023-09-26,90,22,Product 22,Clothing,118.02,2,236.04,False
2023-06-19,42,61,Product 61,Groceries,431.81,2,863.63,False
2023-07-15,350,2,Product 2,Home,321.19,3,963.58,False
2023-03-17,342,48,Product 48,Beauty,407.62,4,1630.47,False
2023-06-02,441,66,Product 66,Home,161.75,1,161.75,False
2023-06-26,343,83,Product 83,Beauty,178.84,1,178.84,False
2023-01-11,480,80,Product 80,Beauty,170.51,1,170.51,False
2023-05-15,11,57,Product 57,Groceries,508.87,4,2035.47,False
2023-09-19,159,95,Product 95,Home,262.63,3,787.88,False
2023-12-20,32,89,Product 89,Beauty,299.14,1,299.14,False
2023-04-09,347,84,Product 84,Electronics,154.76,2,309.51,False
2023-12-20,140,5,Product 5,Home,447.98,2,895.95,False
2023-04-09,318,41,Product 41,Groceries,180.35,2,360.7,False
2023-11-25,229,88,Product 88,Home,105.44,2,210.88,False
2023-05-29,244,46,Product 46,Electronics,352.17,2,704.35,False
2023-04-25,297,60,Product 60,Home,405.33,1,405.33,False
2023-09-28,417,60,Product 60,Home,301.08,3,903.25,False
2023-05-31,265,95,Product 95,Home,402.16,3,1206.48,False
2023-02-12,57,87,Product 87,Groceries,53.23,4,212.9,False
2023-12-08,379,2,Product 2,Home,374.67,4,1498.68,False
2023-05-14,204,17,Product 17,Groceries,310.57,2,621.14,False
2023-10-01,182,36,Product 36,Clothing,386.04,3,1158.13,False
2023-02-25,8,58,Product 58,Beauty,316.67,4,1266.68,False
2023-07-18,63,21,Product 21,Groceries,245.62,1,245.62,False
2023-08-14,359,42,Product 42,Home,94.34,1,94.34,False
2023-09-08,451,80,Product 80,Beauty,120.73,1,120.73,False
2023-04-10,204,50,Product 50,Home,77.98,3,233.93,False
2023-07-23,59,83,Product 83,Beauty,148.72,3,446.16,False
2023-08-01,16,87,Product 87,Groceries,37.9,3,113.69,False
2023-08-06,389,10,Product 10,Beauty,258.45,2,516.9,False
2023-09-15,399,73,Product 73,Beauty,302.07,2,604.15,False
2023-12-08,219,33,Product 33,Groceries,31.84,2,63.68,False
2023-04-03,200,96,Product 96,Home,198.17,4,792.68,False
2023-09-16,134,12,Product 12,Groceries,18.69,2,37.38,False
2023-07-28,304,82,Product 82,Clothing,228.75,4,915.0,False
2023-02-14,132,86,Product 86,Clothing,575.36,1,575.36,False
2023-01-26,26,99,Product 99,Home,176.47,3,529.4,False
2023-08-10,312,12,Product 12,Groceries,16.37,3,49.12,False
2023-04-23,212,81,Product 81,Electronics,172.96,1,172.96,False
2023-03-18,206,31,Product 31,Clothing,257.76,3,773.28,False
2023-10-13,256,58,Product 58,Beauty,204.55,2,409.1,False
2023-08-30,287,36,Product 36,Clothing,370.22,1,370.22,False
2023-05-30,249,39,Product 39,Beauty,47.02,2,94.03,False
2023-01-02,396,39,Product 39,Beauty,47.39,1,47.39,False
2023-09-18,440,70,Product 70,Groceries,15.49,1,15.49,True
2023-08-01,240,65,Product 65,Groceries,398.13,1,398.13,False
2023-01-23,278,95,Product 95,Home,397.7,33,13124.22,True
2023-05-16,225,20,Product 20,Clothing,553.95,2,1107.9,False
2023-12-07,385,3,Product 3,Beauty,88.6,2,177.2,False
2023-04-24,379,64,Product 64,Groceries,147.9,3,443.7,False
2023-03-29,43,74,Product 74,Clothing,221.36,1,221.36,False
2023-12-03,86,58,Product 58,Beauty,293.72,3,881.16,False
2023-06-16,354,74,Product 74,Clothing,189.22,2,378.44,False
2023-02-16,340,56,Product 56,Electronics,199.27,2,398.54,False
2023-04-29,131,85,Product 85,Clothing,298.36,2,596.72,False
2023-10-01,300,17,Product 17,Groceries,250.28,3,750.83,False
2023-02-28,391,51,Product 51,Home,493.04,1,493.04,False
2023-08-19,279,89,Product 89,Beauty,259.06,2,518.13,False
2023-07-15,319,6,Product 6,Groceries,76.96,3,230.87,False
2023-12-05,346,68,Product 68,Electronics,155.58,3,466.73,False
2023-12-14,22,33,Product 33,Groceries,32.33,3,96.99,False
2023-08-12,320,77,Product 77,Electronics,105.74,3,317.23,False
2023-11-04,155,84,Product 84,Electronics,122.44,2,244.88,False
2023-08-19,273,47,Product 47,Clothing,47.67,3,143.0,False
2023-07-26,361,1,Product 1,Groceries,463.24,2,926.48,False
2023-02-26,447,15,Product 15,Groceries,218.92,2,437.85,False
2023-04-18,299,41,Product 41,Groceries,162.79,2,325.59,False
2023-07-27,254,89,Product 89,Beauty,271.78,1,271.78,False
2023-02-18,392,86,Product 86,Clothing,622.08,4,2488.33,False
2023-01-20,315,12,Product 12,Groceries,21.51,1,21.51,False
2023-02-27,59,32,Product 32,Clothing,527.81,2,1055.62,False
2023-09-28,59,98,Product 98,Clothing,346.11,4,1384.42,False
2023-11-29,43,17,Product 17,Groceries,269.97,3,809.9,False
2023-11-28,428,43,Product 43,Home,340.66,1,340.66,False
2023-07-20,487,45,Product 45,Clothing,61.5,3,184.5,False
2023-01-13,193,2,Product 2,Home,458.05,3,1374.16,False
2023-08-28,105,99,Product 99,Home,135.54,2,271.08,False
2023-02-05,283,20,Product 20,Clothing,553.15,4,2212.59,False
2023-02-17,236,54,Product 54,Clothing,26.98,2,53.96,False
2023-01-13,139,46,Product 46,Electronics,367.73,1,367.73,False
2023-10-08,176,1,Product 1,Groceries,356.8,4,1427.21,False
2023-02-12,341,4,Product 4,Home,68.71,2,137.43,False
2023-06-18,97,38,Product 38,Electronics,160.49,3,481.46,False
2023-08-02,115,49,Product 49,Home,213.82,1,213.82,False
2023-09-30,400,30,Product 30,Beauty,377.24,2,754.48,False
2023-03-01,271,83,Product 83,Beauty,217.88,4,871.51,False
2023-06-17,30,53,Product 53,Home,271.73,1,271.73,False
2023-11-11,251,60,Product 60,Home,326.17,4,1304.68,False
2023-04-23,65,42,Product 42,Home,136.42,2,272.84,False
2023-10-10,296,47,Product 47,Clothing,45.7,3,137.11,False
2023-06-22,62,89,Product 89,Beauty,306.48,3,919.44,False
2023-09-13,8,1,Product 1,Groceries,357.17,1,357.17,False
2023-05-31,423,24,Product 24,Groceries,265.1,1,265.1,False
2023-12-11,201,26,Product 26,Home,429.55,3,1288.64,False
2023-06-18,63,63,Product 63,Beauty,468.77,4,1875.07,False
2023-09-30,365,15,Product 15,Groceries,162.4,2,324.8,False
2023-03-31,133,29,Product 29,Clothing,378.74,3,1136.22,False
2023-08-27,8,8,Product 8,Clothing,281.12,2,562.24,False
2023-07-18,393,100,Product 100,Electronics,100.27,1,100.27,False
2023-11-29,345,18,Product 18,Home,369.27,1,369.27,False
2023-05-15,479,71,Product 71,Home,16.2,4,64.78,False
2023-05-21,100,28,Product 28,Groceries,188.16,4,752.62,False
2023-11-08,322,75,Product 75,Home,148.89,1,148.89,False
2023-05-27,86,85,Product 85,Clothing,309.34,4,1237.36,False
2023-07-30,125,53,Product 53,Home,231.12,3,693.35,False
2023-02-22,383,71,Product 71,Home,14.63,3,43.9,False
2023-01-07,26,67,Product 67,Groceries,220.07,4,880.28,False
2023-09-19,288,93,Product 93,Beauty,341.87,2,683.74,False
2023-01-10,186,82,Product 82,Clothing,262.95,1,262.95,False
2023-09-23,339,10,Product 10,Beauty,273.5,4,1093.99,False
2023-03-08,69,48,Product 48,Beauty,478.79,4,1915.15,False
2023-09-01,14,60,Product 60,Home,266.64,3,799.93,False
2023-06-16,53,54,Product 54,Clothing,22.33,2,44.67,False
2023-03-01,221,2,Product 2,Home,460.85,4,1843.4,False
2023-03-20,299,47,Product 47,Clothing,65.84,2,131.68,False
2023-06-19,33,85,Product 85,Clothing,294.17,3,882.5,False
2023-04-11,217,74,Product 74,Clothing,188.86,1,188.86,False
2023-02-02,337,63,Product 63,Beauty,559.66,3,1678.97,False
2023-06-29,404,30,Product 30,Beauty,495.06,3,1485.19,False
2023-11-04,397,9,Product 9,Clothing,97.98,2,195.96,False
2023-07-10,148,31,Product 31,Clothing,223.5,1,223.5,False
2023-06-01,407,18,Product 18,Home,403.0,1,403.0,False
2023-04-09,461,54,Product 54,Clothing,26.39,4,105.54,False
2023-01-12,101,57,Product 57,Groceries,542.71,1,542.71,False
2023-01-16,272,97,Product 97,Groceries,514.3,1,514.3,False
2023-10-27,310,8,Product 8,Clothing,273.0,3,819.01,False
2023-08-16,402,40,Product 40,Electronics,350.04,4,1400.16,False
2023-01-05,469,26,Product 26,Home,476.08,4,1904.32,False
2023-05-22,90,12,Product 12,Groceries,22.1,4,88.42,False
2023-01-15,496,19,Product 19,Beauty,259.55,3,778.66,False
2023-11-08,216,42,Product 42,Home,87.87,4,351.48,False
2023-02-15,497,38,Product 38,Electronics,169.19,3,507.58,False
2023-07-23,186,32,Product 32,Clothing,388.81,3,1166.42,False
2023-03-01,141,53,Product 53,Home,351.28,1,351.28,False
2023-04-18,318,41,Product 41,Groceries,188.84,2,377.69,False
2023-08-13,296,81,Product 81,Electronics,114.67,4,458.67,False
2023-01-24,283,54,Product 54,Clothing,25.5,2,51.0,False
2023-12-25,212,55,Product 55,Beauty,103.79,3,311.36,False
2023-01-12,394,38,Product 38,Electronics,169.62,2,339.24,False
2023-11-23,342,67,Product 67,Groceries,170.36,3,511.07,False
2023-03-08,497,32,Product 32,Clothing,523.88,3,1571.64,False
2023-08-12,193,36,Product 36,Clothing,428.88,4,1715.51,False
2023-03-28,9,40,Product 40,Electronics,495.61,3,1486.83,False
2023-08-08,98,88,Product 88,Home,111.62,4,446.49,False
2023-12-26,479,52,Product 52,Clothing,130.95,3,392.86,False
2023-12-29,109,100,Product 100,Electronics,112.47,2,224.94,False
2023-11-16,490,46,Product 46,Electronics,278.22,3,834.65,False
2023-11-11,405,8,Product 8,Clothing,354.28,3,1062.83,False
2023-11-05,314,87,Product 87,Groceries,48.65,4,194.6,False
2023-12-09,402,71,Product 71,Home,14.74,2,29.49,False
2023-09-23,193,40,Product 40,Electronics,318.49,3,955.48,False
2023-02-08,53,80,Product 80,Beauty,161.21,1,161.21,False
2023-10-23,335,6,Product 6,Groceries,59.97,2,119.94,False
2023-05-05,489,9,Product 9,Clothing,113.8,1,113.8,False
2023-05-27,381,17,Product 17,Groceries,348.63,1,348.63,False
2023-11-04,132,35,Product 35,Clothing,257.56,3,772.69,False
2023-04-28,200,14,Product 14,Clothing,36.54,2,73.07,False
2023-10-04,420,82,Product 82,Clothing,205.92,4,823.68,False
2023-09-06,481,73,Product 73,Beauty,286.4,3,859.21,False
2023-04-14,138,75,Product 75,Home,188.82,2,377.63,False
2023-05-12,305,93,Product 93,Beauty,499.66,2,999.33,False
2023-09-03,57,27,Product 27,Groceries,82.99,2,165.99,False
2023-11-19,405,58,Product 58,Beauty,232.63,4,930.54,False
2023-11-25,388,79,Product 79,Clothing,308.84,3,926.51,False
2023-06-23,47,17,Product 17,Groceries,304.45,1,304.45,False
2023-10-19,118,42,Product 42,Home,96.45,2,192.91,False
2023-01-26,142,73,Product 73,Beauty,400.75,4,1602.99,False
2023-05-25,399,42,Product 42,Home,119.58,2,239.17,False
2023-08-26,430,52,Product 52,Clothing,105.77,2,211.54,False
2023-03-31,11,97,Product 97,Groceries,609.52,4,2438.09,False
2023-04-14,147,81,Product 81,Electronics,156.13,2,312.26,False
2023-07-05,252,10,Product 10,Beauty,291.88,4,1167.53,False
2023-07-10,147,42,Product 42,Home,94.35,4,377.4,False
2023-02-28,348,96,Product 96,Home,232.93,2,465.85,False
2023-04-20,464,86,Product 86,Clothing,544.76,2,1089.52,False
2023-01-15,41,30,Product 30,Beauty,544.45,2,1088.9,False
2023-01-22,325,95,Product 95,Home,393.86,1,393.86,False
2023-11-04,161,69,Product 69,Home,214.65,1,214.65,False
2023-01-15,426,55,Product 55,Beauty,120.08,1,120.08,False
2023-01-10,494,94,Product 94,Groceries,362.91,2,725.82,False
2023-11-19,353,24,Product 24,Groceries,189.78,1,189.78,False
2023-05-25,473,36,Product 36,Clothing,534.18,2,1068.35,False
2023-09-30,289,91,Product 91,Electronics,63.68,3,191.05,False
2023-01-25,37,33,Product 33,Groceries,34.92,1,34.92,False
2023-03-12,390,24,Product 24,Groceries,290.81,4,1163.22,False
2023-10-12,413,98,Product 98,Clothing,334.2,1,334.2,False
2023-06-15,120,32,Product 32,Clothing,449.56,3,1348.67,False
2023-12-26,177,91,Product 91,Electronics,92.22,4,368.89,False
2023-08-06,456,15,Product 15,Groceries,149.54,3,448.62,False
2023-11-14,323,21,Product 21,Groceries,231.88,4,927.54,False
2023-03-06,113,50,Product 50,Home,88.45,3,265.35,False
2023-12-10,441,42,Product 42,Home,106.3,3,318.9,False
2023-02-03,378,80,Product 80,Beauty,161.28,4,645.13,False
2023-03-23,149,48,Product 48,Beauty,416.91,3,1250.72,False
2023-11-02,155,25,Product 25,Groceries,231.43,2,462.87,False
2023-08-10,92,63,Product 63,Beauty,373.28,2,746.56,False
2023-12-17,259,7,Product 7,Home,19.61,1,19.61,False
2023-11-10,135,44,Product 44,Home,44.09,4,176.37,False
2023-10-20,422,62,Product 62,Beauty,128.86,2,257.71,False
2023-09-20,155,47,Product 47,Clothing,40.95,3,122.85,False
2023-03-30,379,37,Product 37,Groceries,34.73,2,69.45,True
2023-12-15,309,80,Product 80,Beauty,158.91,2,317.82,False
2023-04-02,204,76,Product 76,Electronics,242.1,4,968.39,False
2023-08-14,353,88,Product 88,Home,102.84,4,411.35,False
2023-02-08,93,81,Product 81,Electronics,151.89,2,303.78,False
2023-03-30,25,53,Product 53,Home,294.71,3,884.13,False
2023-12-22,157,32,Product 32,Clothing,429.52,1,429.52,False
2023-07-09,69,41,Product 41,Groceries,150.51,3,451.53,False
2023-08-13,399,24,Product 24,Groceries,191.09,2,382.17,False
2023-09-22,292,26,Product 26,Home,381.38,4,1525.52,False
2023-02-13,357,28,Product 28,Groceries,198.27,3,594.81,False
2023-02-27,241,56,Product 56,Electronics,185.0,1,185.0,False
2023-12-12,309,48,Product 48,Beauty,376.11,3,1128.33,False
2023-09-03,7,1,Product 1,Groceries,385.86,2,771.72,False
2023-10-13,221,57,Product 57,Groceries,402.92,1,402.92,False
2023-10-27,192,93,Product 93,Beauty,342.51,2,685.02,False
2023-12-25,377,31,Product 31,Clothing,222.12,4,888.5,False
2023-11-08,131,52,Product 52,Clothing,102.6,3,307.81,False
2023-07-11,22,58,Product 58,Beauty,256.36,4,1025.43,False
2023-08-23,339,60,Product 60,Home,273.17,2,546.35,False
2023-06-10,323,78,Product 78,Groceries,124.39,2,248.77,False
2023-08-26,122,27,Product 27,Groceries,76.23,4,304.92,False
2023-12-04,207,92,Product 92,Home,105.52,4,422.08,False
2023-05-20,374,92,Product 92,Home,122.57,2,245.14,False
2023-07-09,49,7,Product 7,Home,19.65,2,39.3,False
2023-11-11,443,26,Product 26,Home,418.72,1,418.72,False
2023-02-15,288,43,Product 43,Home,46.86,3,140.57,True
2023-05-04,179,2,Product 2,Home,467.08,4,1868.34,False
2023-12-17,25,70,Product 70,Groceries,178.91,4,715.63,False
2023-01-30,426,85,Product 85,Clothing,323.53,3,970.59,False
2023-05-02,132,94,Product 94,Groceries,372.55,4,1490.2,False
2023-01-12,168,10,Product 10,Beauty,344.36,1,344.36,False
2023-06-01,1,35,Product 35,Clothing,258.82,2,517.63,False
2023-11-13,126,67,Product 67,Groceries,155.62,4,622.49,False
2023-10-05,82,81,Product 81,Electronics,126.17,2,252.34,False
2023-12-29,205,62,Product 62,Beauty,152.58,3,457.73,False
2023-12-19,244,83,Product 83,Beauty,196.62,2,393.25,False
2023-03-13,381,42,Product 42,Home,138.58,3,415.73,False
2023-10-01,12,39,Product 39,Beauty,40.32,2,80.63,False
2023-04-25,485,71,Product 71,Home,14.66,3,43.99,False
2023-09-04,499,31,Product 31,Clothing,202.68,3,608.05,False
2023-08-24,191,22,Product 22,Clothing,119.07,4,476.28,False
2023-12-20,462,66,Product 66,Home,152.37,2,304.74,False
2023-10-07,239,66,Product 66,Home,138.3,1,138.3,False
2023-11-29,73,94,Product 94,Groceries,290.37,3,871.1,False
2023-01-27,353,87,Product 87,Groceries,51.82,4,207.26,False
2023-05-25,248,97,Product 97,Groceries,563.13,2,1126.26,False
2023-12-25,71,4,Product 4,Home,60.23,4,240.92,False
2023-08-27,9,60,Product 60,Home,302.57,4,1210.28,False
2023-10-24,91,47,Product 47,Clothing,42.38,2,84.76,False
2023-04-26,235,8,Product 8,Clothing,440.6,4,1762.38,False
2023-06-24,466,54,Product 54,Clothing,23.28,4,93.12,False
2023-03-31,68,44,Product 44,Home,52.45,2,104.9,False
2023-12-16,396,39,Product 39,Beauty,43.39,2,86.79,False
2023-04-19,430,18,Product 18,Home,458.31,2,916.62,False
2023-04-02,22,3,Product 3,Beauty,108.42,3,325.25,False
2023-01-05,237,11,Product 11,Clothing,318.63,1,318.63,False
2023-09-17,357,19,Product 19,Beauty,196.45,3,589.36,False
2023-12-19,179,39,Product 39,Beauty,44.14,4,176.55,False
2023-10-18,495,85,Product 85,Clothing,224.87,2,449.73,False
2023-02-06,23,80,Product 80,Beauty,190.07,2,380.13,False
2023-08-02,398,38,Product 38,Electronics,126.18,3,378.55,False
2023-06-14,4,11,Product 11,Clothing,279.18,4,1116.71,False
2023-05-23,329,33,Product 33,Groceries,34.2,2,68.4,False
2023-10-26,166,89,Product 89,Beauty,269.15,2,538.31,False
2023-04-01,77,70,Product 70,Groceries,220.19,2,440.37,False
2023-04-08,36,5,Product 5,Home,559.47,3,1678.42,False
2023-10-23,497,89,Product 89,Beauty,263.45,1,263.45,False
2023-07-05,462,3,Product 3,Beauty,73.62,2,147.24,False
2023-01-08,27,47,Product 47,Clothing,63.58,1,63.58,False
2023-12-01,359,84,Product 84,Electronics,123.46,2,246.91,False
2023-02-13,292,4,Product 4,Home,68.16,3,204.47,False
2023-02-02,123,50,Product 50,Home,85.87,3,257.62,False
2023-10-23,482,23,Product 23,Beauty,101.11,4,404.44,False
2023-06-27,126,98,Product 98,Clothing,455.11,3,1365.32,False
2023-10-30,201,23,Product 23,Beauty,107.39,1,107.39,False
2023-08-21,155,50,Product 50,Home,59.33,1,59.33,False
2023-12-19,486,82,Product 82,Clothing,263.58,2,527.15,False
2023-07-08,142,55,Product 55,Beauty,91.39,1,91.39,False
2023-11-25,380,19,Product 19,Beauty,188.58,2,377.16,False
2023-11-25,499,30,Product 30,Beauty,455.94,4,1823.75,False
2023-05-04,171,72,Product 72,Home,229.52,4,918.08,False
2023-11-09,100,89,Product 89,Beauty,273.52,3,820.55,False
2023-06-01,355,12,Product 12,Groceries,20.28,4,81.12,False
2023-12-11,458,26,Product 26,Home,483.71,4,1934.84,False
2023-04-03,315,85,Product 85,Clothing,300.21,1,300.21,False
2023-02-24,137,41,Product 41,Groceries,170.99,2,341.98,False
2023-03-28,157,95,Product 95,Home,457.32,2,914.65,False
2023-10-15,224,25,Product 25,Groceries,193.19,2,386.38,False
2023-07-04,56,39,Product 39,Beauty,40.11,1,40.11,False
2023-01-06,102,47,Product 47,Clothing,60.84,4,243.36,False
2023-06-11,270,17,Product 17,Groceries,27.08,3,81.23,True
2023-05-07,334,52,Product 52,Clothing,138.78,4,555.13,False
2023-08-14,397,19,Product 19,Beauty,173.46,2,346.92,False
2023-09-27,481,20,Product 20,Clothing,411.87,1,411.87,False
2023-08-09,380,52,Product 52,Clothing,98.95,1,98.95,False
2023-12-22,178,25,Product 25,Groceries,272.96,3,818.89,False
2023-11-01,108,49,Product 49,Home,232.9,3,698.69,False
2023-08-06,220,98,Product 98,Clothing,369.64,4,1478.55,False
2023-11-19,306,39,Product 39,Beauty,40.87,1,40.87,False
2023-06-01,70,19,Product 19,Beauty,220.29,1,220.29,False
2023-02-03,189,63,Product 63,Beauty,528.35,1,528.35,False
2023-11-28,338,89,Product 89,Beauty,263.46,3,790.37,False
2023-08-09,192,99,Product 99,Home,134.31,4,537.24,False
2023-01-21,361,43,Product 43,Home,432.25,2,864.5,False
2023-06-19,452,85,Product 85,Clothing,271.71,3,815.13,False
2023-06-03,98,7,Product 7,Home,21.82,2,43.65,False
2023-01-07,130,69,Product 69,Home,256.76,3,770.27,False
2023-12-21,118,67,Product 67,Groceries,168.54,2,337.07,False
2023-07-22,1,93,Product 93,Beauty,390.55,2,781.11,False
2023-08-31,404,95,Product 95,Home,289.28,3,867.84,False
2023-05-09,212,86,Product 86,Clothing,592.59,4,2370.34,False
2023-07-07,442,65,Product 65,Groceries,374.15,2,748.3,False
2023-05-16,80,21,Product 21,Groceries,298.5,1,298.5,False
2023-07-23,149,89,Product 89,Beauty,260.07,1,260.07,False
2023-02-03,305,49,Product 49,Home,346.27,1,346.27,False
2023-01-26,439,90,Product 90,Home,456.83,4,1827.32,False
2023-06-03,443,68,Product 68,Electronics,150.52,1,150.52,False
2023-12-23,238,77,Product 77,Electronics,132.81,4,531.22,False
2023-04-29,255,76,Product 76,Electronics,221.84,3,665.53,False
2023-09-05,296,71,Product 71,Home,9.75,2,19.51,False
2023-04-01,95,90,Product 90,Home,510.18,1,510.18,False
2023-10-11,77,38,Product 38,Electronics,136.73,3,410.2,False
2023-05-01,121,88,Product 88,Home,150.33,3,450.99,False
2023-12-30,2,88,Product 88,Home,130.41,3,391.24,False
2023-08-25,227,55,Product 55,Beauty,91.78,1,91.78,False
2023-12-29,496,72,Product 72,Home,227.52,3,682.57,False
2023-02-03,314,64,Product 64,Groceries,144.96,2,289.92,False
2023-05-22,157,95,Product 95,Home,377.02,3,1131.07,False
2023-11-06,491,24,Product 24,Groceries,183.46,4,733.83,False
2023-01-19,295,69,Product 69,Home,236.74,4,946.96,False
2023-07-04,226,1,Product 1,Groceries,434.62,4,1738.49,False
2023-02-18,358,2,Product 2,Home,455.28,4,1821.11,False
2023-08-09,311,63,Product 63,Beauty,345.4,1,345.4,False
2023-03-11,78,66,Product 66,Home,187.51,1,187.51,False
2023-01-01,52,29,Product 29,Clothing,320.22,3,960.67,False
2023-11-12,277,45,Product 45,Clothing,57.3,1,57.3,False
2023-03-16,435,99,Product 99,Home,221.22,4,884.88,False
2023-06-14,172,51,Product 51,Home,378.48,2,756.96,False
2023-12-25,360,87,Product 87,Groceries,50.6,2,101.2,False
2023-10-06,239,34,Product 34,Beauty,161.45,1,161.45,False
2023-06-13,36,87,Product 87,Groceries,51.04,3,153.12,False
2023-01-17,64,87,Product 87,Groceries,54.27,4,217.06,False
2023-06-18,463,48,Product 48,Beauty,345.01,2,690.03,False
2023-09-29,268,26,Product 26,Home,355.95,3,1067.86,False
2023-10-22,353,77,Product 77,Electronics,103.83,1,103.83,False
2023-05-10,23,48,Product 48,Beauty,378.54,3,1135.61,False
2023-04-12,340,37,Product 37,Groceries,304.16,1,304.16,False
2023-09-16,336,77,Product 77,Electronics,116.97,2,233.95,False
2023-09-08,106,60,Product 60,Home,305.33,1,305.33,False
2023-03-24,53,54,Product 54,Clothing,28.19,1,28.19,False
2023-07-15,186,71,Product 71,Home,11.1,1,11.1,False
2023-09-23,418,33,Product 33,Groceries,27.85,4,111.42,False
2023-03-07,473,13,Product 13,Home,355.04,4,1420.16,False
2023-06-01,45,50,Product 50,Home,61.98,2,123.95,False
2023-12-23,185,82,Product 82,Clothing,275.38,1,275.38,False
2023-07-30,187,45,Product 45,Clothing,64.53,3,193.59,False
2023-03-09,295,54,Product 54,Clothing,27.29,1,27.29,False
2023-10-16,486,65,Product 65,Groceries,338.57,2,677.15,False
2023-02-15,236,85,Product 85,Clothing,321.16,1,321.16,False
2023-12-07,396,54,Product 54,Clothing,22.42,1,22.42,False
2023-11-25,380,76,Product 76,Electronics,201.04,2,402.09,False
2023-04-15,400,99,Product 99,Home,200.74,4,802.97,False
2023-05-02,3,41,Product 41,Groceries,182.46,2,364.92,False
2023-04-09,409,26,Product 26,Home,518.46,1,518.46,False
2023-07-18,484,8,Product 8,Clothing,296.67,4,1186.66,False
2023-03-16,51,51,Product 51,Home,468.93,2,937.86,False
2023-03-24,95,9,Product 9,Clothing,125.02,1,125.02,False
2023-12-20,370,37,Product 37,Groceries,302.31,2,604.61,False
2023-02-06,196,48,Product 48,Beauty,456.45,1,456.45,False
2023-11-08,246,27,Product 27,Groceries,86.19,2,172.38,False
2023-02-22,348,23,Product 23,Beauty,132.23,3,396.7,False
2023-12-02,111,95,Product 95,Home,389.29,2,778.57,False
2023-12-29,126,45,Product 45,Clothing,61.45,1,61.45,False
2023-11-08,325,43,Product 43,Home,343.78,2,687.56,False
2023-11-16,382,68,Product 68,Electronics,126.73,4,506.9,False
2023-04-26,452,50,Product 50,Home,73.14,3,219.43,False
2023-07-16,265,19,Product 19,Beauty,204.68,2,409.35,False
2023-10-03,16,2,Product 2,Home,344.27,2,688.54,False
2023-02-12,187,69,Product 69,Home,251.14,1,251.14,False
2023-11-28,459,9,Product 9,Clothing,91.26,4,365.03,False
2023-08-14,235,76,Product 76,Electronics,173.37,1,173.37,False
2023-11-13,48,83,Product 83,Beauty,172.93,4,691.71,False
2023-12-07,375,47,Product 47,Clothing,56.57,1,56.57,False
2023-10-22,93,76,Product 76,Electronics,186.78,1,186.78,False
2023-02-10,454,86,Product 86,Clothing,634.86,3,1904.59,False
2023-12-11,467,2,Product 2,Home,386.19,2,772.38,False
2023-11-03,168,59,Product 59,Beauty,106.76,4,427.02,False
2023-02-19,278,70,Product 70,Groceries,194.35,4,777.41,False
2023-11-09,81,35,Product 35,Clothing,270.12,4,1080.49,False
2023-05-18,184,10,Product 10,Beauty,326.8,3,980.41,False
2023-12-09,218,49,Product 49,Home,263.41,2,526.83,False
2023-07-07,42,80,Product 80,Beauty,144.1,2,288.19,False
2023-08-24,131,23,Product 23,Beauty,107.78,4,431.11,False
2023-08-29,233,28,Product 28,Groceries,147.98,2,295.95,False
2023-06-24,79,63,Product 63,Beauty,476.74,1,476.74,False
2023-12-13,359,41,Product 41,Groceries,139.15,3,417.46,False
2023-05-08,357,97,Product 97,Groceries,560.91,1,560.91,False
2023-07-06,267,80,Product 80,Beauty,140.12,3,420.36,False
2023-10-18,330,35,Product 35,Clothing,222.55,2,445.1,False
2023-04-08,460,74,Product 74,Clothing,224.16,2,448.31,False
2023-01-06,240,53,Product 53,Home,271.17,2,542.33,False
2023-02-22,223,10,Product 10,Beauty,376.21,4,1504.83,False
2023-08-18,410,86,Product 86,Clothing,419.22,4,1676.89,False
2023-01-08,141,24,Product 24,Groceries,226.33,1,226.33,False
2023-01-20,329,27,Product 27,Groceries,103.23,4,412.93,False
2023-08-17,218,41,Product 41,Groceries,125.21,1,125.21,False
2023-06-09,279,25,Product 25,Groceries,254.21,1,254.21,False
2023-12-23,392,12,Product 12,Groceries,22.28,2,44.56,False
2023-05-09,341,88,Product 88,Home,127.6,4,510.41,False
2023-09-09,104,20,Product 20,Clothing,404.05,4,1616.22,False
2023-09-27,236,86,Product 86,Clothing,409.23,3,1227.7,False
2023-01-12,32,8,Product 8,Clothing,373.63,4,1494.51,False
2023-01-14,209,43,Product 43,Home,437.9,3,1313.7,False
2023-02-18,142,38,Product 38,Electronics,166.84,1,166.84,False
2023-03-03,51,21,Product 21,Groceries,317.63,4,1270.53,False
2023-10-25,149,96,Product 96,Home,139.98,1,139.98,False
2023-03-18,171,43,Product 43,Home,451.06,3,1353.19,False
2023-06-04,304,79,Product 79,Clothing,345.32,2,690.64,False
2023-07-20,202,15,Product 15,Groceries,165.93,4,663.71,False
2023-11-14,71,51,Product 51,Home,361.52,3,1084.57,False
2023-12-26,361,9,Product 9,Clothing,98.17,3,294.51,False
2023-12-22,253,57,Product 57,Groceries,430.88,3,1292.64,False
2023-04-17,23,90,Product 90,Home,482.7,1,482.7,False
2023-02-08,50,16,Product 16,Home,233.13,2,466.25,False
2023-08-11,22,91,Product 91,Electronics,67.95,3,203.85,False
2023-04-25,195,58,Product 58,Beauty,331.06,2,662.13,False
2023-10-11,112,69,Product 69,Home,198.0,3,594.01,False
2023-12-22,201,12,Product 12,Groceries,22.3,2,44.6,False
2023-11-03,437,47,Product 47,Clothing,50.04,4,200.14,False
2023-03-29,39,59,Product 59,Beauty,146.62,2,293.24,False
2023-09-03,249,56,Product 56,Electronics,131.23,2,262.47,False
2023-09-23,377,30,Product 30,Beauty,411.45,1,411.45,False
2023-06-16,254,18,Product 18,Home,396.58,3,1189.74,False
2023-06-03,254,14,Product 14,Clothing,35.42,3,106.27,False
2023-08-26,384,39,Product 39,Beauty,39.71,4,158.84,False
2023-08-31,216,7,Product 7,Home,15.23,2,30.45,False
2023-10-08,310,15,Product 15,Groceries,143.07,1,143.07,False
2023-01-29,297,76,Product 76,Electronics,249.71,3,749.12,False
2023-06-07,486,50,Product 50,Home,67.17,4,268.67,False
2023-11-28,371,94,Product 94,Groceries,291.97,2,583.93,False
2023-06-30,346,80,Product 80,Beauty,152.94,4,611.77,False
2023-09-16,28,84,Product 84,Electronics,111.37,3,334.1,False
2023-05-22,102,15,Product 15,Groceries,217.14,3,651.41,False
2023-12-20,426,1,Product 1,Groceries,475.15,4,1900.6,False
2023-10-11,360,69,Product 69,Home,173.85,1,173.85,False
2023-10-21,392,40,Product 40,Electronics,341.03,2,682.05,False
2023-04-14,62,61,Product 61,Groceries,532.87,2,1065.74,False
2023-06-24,86,59,Product 59,Beauty,115.64,1,115.64,False
2023-01-30,355,9,Product 9,Clothing,101.14,2,202.28,False
2023-02-08,409,41,Product 41,Groceries,169.79,1,169.79,False
2023-04-19,218,61,Product 61,Groceries,583.31,4,2333.23,False
2023-09-05,97,34,Product 34,Beauty,149.09,3,447.28,False
2023-05-01,347,55,Product 55,Beauty,112.35,3,337.06,False
2023-06-16,356,95,Product 95,Home,386.71,4,1546.84,False
2023-09-11,201,77,Product 77,Electronics,111.8,3,335.39,False
2023-09-21,273,71,Product 71,Home,9.93,3,29.79,False
2023-10-09,55,96,Product 96,Home,148.29,2,296.59,False
2023-11-08,155,31,Product 31,Clothing,218.45,1,218.45,False
2023-02-14,437,34,Product 34,Beauty,233.55,1,233.55,False
2023-11-16,156,78,Product 78,Groceries,131.79,2,263.58,False
2023-08-21,414,53,Product 53,Home,226.91,4,907.64,False
2023-07-09,308,54,Product 54,Clothing,19.15,3,57.45,False
2023-11-19,86,46,Product 46,Electronics,289.21,1,289.21,False
2023-01-11,60,40,Product 40,Electronics,454.04,2,908.07,False
2023-08-15,85,30,Product 30,Beauty,374.49,1,374.49,False
2023-07-29,458,48,Product 48,Beauty,357.29,3,1071.87,False
2023-03-06,431,41,Product 41,Groceries,192.19,4,768.78,False
2023-09-05,76,93,Product 93,Beauty,367.4,3,1102.2,False
2023-09-21,167,96,Product 96,Home,133.35,1,133.35,False
2023-04-13,437,37,Product 37,Groceries,302.28,4,1209.12,False
2023-10-12,433,52,Product 52,Clothing,103.32,3,309.97,False
2023-12-05,294,51,Product 51,Home,370.39,2,740.78,False
2023-10-14,62,62,Product 62,Beauty,136.69,4,546.75,False
2023-04-25,314,61,Product 61,Groceries,495.97,4,1983.89,False
2023-10-14,346,57,Product 57,Groceries,385.58,3,1156.73,False
2023-01-29,342,6,Product 6,Groceries,80.41,3,241.22,False
2023-09-24,438,61,Product 61,Groceries,355.53,3,1066.6,False
2023-03-17,414,91,Product 91,Electronics,99.38,3,298.13,False
2023-04-07,460,3,Product 3,Beauty,93.14,1,93.14,False
2023-09-17,364,71,Product 71,Home,9.9,1,9.9,False
2023-07-22,245,72,Product 72,Home,185.2,2,370.4,False
2023-12-29,273,41,Product 41,Groceries,154.14,3,462.42,False
2023-07-18,269,85,Product 85,Clothing,218.85,1,218.85,False
2023-07-23,172,78,Product 78,Groceries,126.82,2,253.65,False
2023-01-17,365,73,Product 73,Beauty,364.39,1,364.39,False
2023-05-09,336,8,Product 8,Clothing,371.53,3,1114.58,False
2023-04-03,111,35,Product 35,Clothing,351.8,2,703.6,False
2023-02-14,75,84,Product 84,Electronics,152.95,4,611.8,False
2023-01-08,206,36,Product 36,Clothing,544.11,1,544.11,False
2023-05-17,37,43,Product 43,Home,450.2,3,1350.6,False
2023-12-27,62,10,Product 10,Beauty,343.68,4,1374.72,False
2023-05-08,459,33,Product 33,Groceries,35.0,1,35.0,False
2023-09-11,453,89,Product 89,Beauty,279.96,3,839.88,False
2023-10-15,322,55,Product 55,Beauty,81.25,4,325.02,False
2023-01-26,4,18,Product 18,Home,515.58,4,2062.33,False
2023-08-17,291,83,Product 83,Beauty,153.84,2,307.69,False
2023-03-07,182,1,Product 1,Groceries,552.43,4,2209.71,False
2023-05-22,456,24,Product 24,Groceries,256.46,1,256.46,False
2023-08-04,186,19,Product 19,Beauty,171.89,4,687.58,False
2023-05-18,2,29,Product 29,Clothing,285.83,3,857.48,False
2023-03-31,208,18,Product 18,Home,544.43,4,2177.73,False
2023-05-12,248,47,Product 47,Clothing,68.09,1,68.09,False
2023-10-25,298,43,Product 43,Home,343.64,1,343.64,False
2023-09-30,369,85,Product 85,Clothing,224.18,2,448.36,False
2023-10-12,218,71,Product 71,Home,10.03,2,20.06,False
2023-01-25,171,22,Product 22,Clothing,192.17,4,768.69,False
2023-05-13,275,70,Product 70,Groceries,190.07,1,190.07,False
2023-01-07,341,62,Product 62,Beauty,168.31,3,504.92,False
2023-01-16,324,54,Product 54,Clothing,25.67,3,77.01,False
2023-06-11,489,49,Product 49,Home,284.19,3,852.58,False
2023-10-18,14,63,Product 63,Beauty,357.1,3,1071.3,False
2023-10-26,414,68,Product 68,Electronics,109.91,3,329.72,False
2023-07-12,99,33,Product 33,Groceries,27.18,1,27.18,False
2023-08-30,445,38,Product 38,Electronics,118.09,3,354.26,False
2023-01-23,29,54,Product 54,Clothing,25.83,1,25.83,False
2023-11-17,142,56,Product 56,Electronics,144.05,4,576.19,False
2023-02-14,52,92,Product 92,Home,121.9,4,487.6,False
2023-11-28,71,13,Product 13,Home,286.08,2,572.17,False
2023-05-27,293,7,Product 7,Home,22.33,3,67.0,False
2023-01-30,442,99,Product 99,Home,212.9,1,212.9,False
2023-11-30,118,62,Product 62,Beauty,147.1,4,588.41,False
2023-02-05,102,45,Product 45,Clothing,75.26,4,301.06,False
2023-06-16,243,59,Product 59,Beauty,120.61,3,361.82,False
2023-04-13,44,15,Product 15,Groceries,239.77,4,959.08,False
2023-08-27,329,66,Product 66,Home,150.21,4,600.86,False
2023-06-18,38,33,Product 33,Groceries,31.46,3,94.38,False
2023-05-29,331,97,Product 97,Groceries,567.34,2,1134.67,False
2023-05-01,453,47,Product 47,Clothing,67.05,3,201.15,False
2023-09-02,124,10,Product 10,Beauty,231.22,4,924.88,False
2023-06-30,306,34,Product 34,Beauty,181.43,3,544.28,False
2023-12-17,58,87,Product 87,Groceries,48.66,1,48.66,False
2023-06-04,204,39,Product 39,Beauty,48.57,2,97.15,False
2023-05-05,95,53,Product 53,Home,318.83,1,318.83,False
2023-02-06,380,90,Product 90,Home,521.16,2,1042.31,False
2023-01-18,410,25,Product 25,Groceries,284.93,4,1139.74,False
2023-01-13,363,86,Product 86,Clothing,588.9,2,1177.8,False
2023-06-04,300,27,Product 27,Groceries,103.77,1,103.77,False
2023-09-05,186,11,Product 11,Clothing,213.11,1,213.11,False
2023-05-13,350,38,Product 38,Electronics,175.67,1,175.67,False
2023-05-11,456,51,Product 51,Home,411.31,3,1233.92,False
2023-06-06,339,51,Product 51,Home,398.08,4,1592.3,False
2023-10-11,28,26,Product 26,Home,369.01,3,1107.03,False
2023-04-28,87,74,Product 74,Clothing,198.59,2,397.18,False
2023-09-12,250,1,Product 1,Groceries,360.06,4,1440.26,False
2023-08-15,364,73,Product 73,Beauty,317.36,4,1269.43,False
2023-04-26,441,31,Product 31,Clothing,275.97,3,827.92,False
2023-05-09,255,38,Product 38,Electronics,182.04,3,546.12,False
2023-03-28,445,41,Product 41,Groceries,169.87,1,169.87,False
2023-02-16,447,50,Product 50,Home,84.86,3,254.57,False
2023-10-01,166,8,Product 8,Clothing,286.57,3,859.7,False
2023-02-19,15,97,Product 97,Groceries,550.63,1,550.63,False
2023-10-14,267,69,Product 69,Home,165.19,4,660.77,False
2023-09-29,173,19,Product 19,Beauty,172.07,4,688.28,False
2023-12-18,442,17,Product 17,Groceries,328.88,3,986.65,False
2023-08-10,335,10,Product 10,Beauty,272.58,1,272.58,False
2023-09-24,162,16,Product 16,Home,149.37,1,149.37,False
2023-05-11,23,18,Product 18,Home,507.6,3,1522.79,False
2023-10-20,364,67,Product 67,Groceries,144.05,2,288.1,False
2023-10-02,305,12,Product 12,Groceries,15.96,1,15.96,False
2023-06-20,452,9,Product 9,Clothing,106.5,2,213.0,False
2023-07-15,476,91,Product 91,Electronics,81.63,2,163.26,False
2023-10-05,495,29,Product 29,Clothing,248.15,2,496.29,False
2023-01-05,373,40,Product 40,Electronics,447.89,4,1791.56,False
2023-06-15,34,69,Product 69,Home,224.73,4,898.94,False
2023-12-23,272,29,Product 29,Clothing,309.28,2,618.56,False
2023-02-07,401,57,Product 57,Groceries,481.09,3,1443.28,False
2023-03-21,271,92,Product 92,Home,119.92,3,359.77,False
2023-05-11,102,15,Product 15,Groceries,193.64,2,387.27,False
2023-05-24,1,48,Product 48,Beauty,370.9,4,1483.58,False
2023-10-01,124,14,Product 14,Clothing,26.14,3,78.41,False
2023-11-12,415,42,Product 42,Home,99.23,2,198.47,False
2023-01-12,496,93,Product 93,Beauty,497.6,3,1492.8,False
2023-03-01,1,38,Product 38,Electronics,202.72,3,608.17,False
2023-06-12,299,53,Product 53,Home,241.58,3,724.74,False
2023-11-01,486,29,Product 29,Clothing,271.07,3,813.22,False
2023-03-30,447,3,Product 3,Beauty,93.51,1,93.51,False
2023-07-23,211,35,Product 35,Clothing,271.31,3,813.94,False
2023-02-28,109,74,Product 74,Clothing,187.87,4,751.49,False
2023-04-26,101,72,Product 72,Home,227.47,3,682.41,False
2023-02-11,317,26,Product 26,Home,500.98,3,1502.93,False
2023-08-08,491,42,Product 42,Home,85.62,4,342.47,False
2023-11-02,403,2,Product 2,Home,372.65,2,745.3,False
2023-11-15,104,47,Product 47,Clothing,51.51,1,51.51,False
2023-11-17,94,95,Product 95,Home,351.59,1,351.59,False
2023-07-23,196,74,Product 74,Clothing,147.6,4,590.41,False
2023-10-09,404,42,Product 42,Home,97.44,3,292.33,False
2023-01-18,23,50,Product 50,Home,68.18,4,272.73,False
2023-12-18,248,17,Product 17,Groceries,302.04,2,604.08,False
2023-05-18,460,14,Product 14,Clothing,34.26,2,68.53,False
2023-04-19,69,58,Product 58,Beauty,347.68,4,1390.72,False
2023-10-26,480,63,Product 63,Beauty,379.19,4,1516.75,False
2023-05-14,300,44,Product 44,Home,49.94,1,49.94,False
2023-04-23,410,23,Product 23,Beauty,149.37,2,298.74,False
2023-11-17,396,40,Product 40,Electronics,378.93,4,1515.71,False
2023-02-24,170,3,Product 3,Beauty,98.02,3,294.07,False
2023-07-30,228,46,Product 46,Electronics,272.46,4,1089.85,False
2023-09-18,336,29,Product 29,Clothing,230.57,1,230.57,False
2023-07-16,113,18,Product 18,Home,384.67,4,1538.7,False
2023-10-30,22,10,Product 10,Beauty,261.05,3,783.16,False
2023-12-04,444,97,Product 97,Groceries,501.59,1,501.59,False
2023-12-30,178,34,Product 34,Beauty,188.52,2,377.04,False
2023-11-12,66,23,Product 23,Beauty,107.82,4,431.29,False
2023-06-06,349,68,Product 68,Electronics,147.52,2,295.04,False
2023-12-30,249,11,Product 11,Clothing,276.25,4,1104.99,False
2023-09-07,25,87,Product 87,Groceries,41.01,1,41.01,False
2023-03-12,361,69,Product 69,Home,240.05,1,240.05,False
2023-11-12,69,82,Product 82,Clothing,228.01,4,912.03,False
2023-12-19,441,99,Product 99,Home,190.87,1,190.87,False
2023-08-21,327,87,Product 87,Groceries,42.93,4,171.71,False
2023-12-27,267,89,Product 89,Beauty,295.5,2,590.99,False
2023-02-27,439,95,Product 95,Home,461.9,1,461.9,False
2023-09-02,268,77,Product 77,Electronics,106.83,2,213.66,False
2023-12-22,167,71,Product 71,Home,13.86,1,13.86,False
2023-11-23,449,5,Product 5,Home,381.91,3,1145.73,False
2023-05-15,111,4,Product 4,Home,67.57,3,202.71,False
2023-08-17,337,81,Product 81,Electronics,110.5,2,221.0,False
2023-04-08,300,99,Product 99,Home,219.69,3,659.07,False
2023-03-11,437,86,Product 86,Clothing,595.88,3,1787.64,False
2023-06-18,322,17,Product 17,Groceries,288.66,3,865.97,False
2023-02-22,100,54,Product 54,Clothing,26.65,1,26.65,False
2023-02-14,372,84,Product 84,Electronics,147.8,4,591.2,False
2023-05-20,395,30,Product 30,Beauty,577.98,2,1155.96,False
2023-11-29,231,38,Product 38,Electronics,138.68,4,554.74,False
2023-05-08,300,78,Product 78,Groceries,149.15,1,149.15,False
2023-05-19,265,2,Product 2,Home,439.34,1,439.34,False
2023-02-04,404,51,Product 51,Home,487.87,4,1951.49,False
2023-12-11,188,88,Product 88,Home,122.93,4,491.73,False
2023-06-22,244,38,Product 38,Electronics,167.71,4,670.83,False
2023-11-07,206,62,Product 62,Beauty,145.56,3,436.67,False
2023-03-13,454,66,Product 66,Home,194.13,4,776.51,False
2023-05-18,269,85,Product 85,Clothing,313.79,3,941.36,False
2023-02-17,371,17,Product 17,Groceries,353.02,2,706.05,False
2023-03-15,349,36,Product 36,Clothing,599.6,4,2398.41,False
2023-01-13,322,71,Product 71,Home,15.33,2,30.67,False
2023-01-22,471,98,Product 98,Clothing,474.82,3,1424.47,False
2023-11-17,441,94,Product 94,Groceries,281.75,2,563.51,False
2023-12-03,284,81,Product 81,Electronics,134.9,1,134.9,False
2023-05-22,386,73,Product 73,Beauty,361.08,3,1083.25,False
2023-10-17,325,82,Product 82,Clothing,197.91,4,791.63,False
2023-05-25,384,17,Product 17,Groceries,347.06,4,1388.25,False
2023-09-19,282,83,Product 83,Beauty,136.5,3,409.5,False
2023-10-14,174,32,Product 32,Clothing,386.22,2,772.44,False
2023-01-08,390,53,Product 53,Home,277.07,3,831.21,False
2023-02-02,443,13,Product 13,Home,349.5,3,1048.5,False
2023-02-19,448,18,Product 18,Home,497.33,3,1492.0,False
2023-03-11,412,23,Product 23,Beauty,157.67,2,315.34,False
2023-11-24,328,36,Product 36,Clothing,414.98,2,829.96,False
2023-10-12,204,93,Product 93,Beauty,322.15,2,644.29,False
2023-12-28,109,52,Product 52,Clothing,115.57,2,231.14,False
2023-05-17,294,84,Product 84,Electronics,135.8,1,135.8,False
2023-08-03,399,59,Product 59,Beauty,97.8,1,97.8,False
2023-06-25,454,81,Product 81,Electronics,143.99,3,431.97,False
2023-03-14,436,19,Product 19,Beauty,252.28,3,756.83,False
2023-02-24,122,17,Product 17,Groceries,339.71,1,339.71,False
2023-02-11,46,76,Product 76,Electronics,243.56,1,243.56,False
2023-02-06,96,77,Product 77,Electronics,144.04,1,144.04,False
2023-02-17,81,72,Product 72,Home,275.04,1,275.04,False
2023-05-17,452,83,Product 83,Beauty,200.62,3,601.87,False
2023-01-23,122,77,Product 77,Electronics,148.96,2,297.92,False
2023-02-27,31,73,Product 73,Beauty,441.23,2,882.45,False
2023-11-19,194,78,Product 78,Groceries,129.25,2,258.5,False
2023-08-05,338,100,Product 100,Electronics,84.08,3,252.23,False
2023-06-28,272,41,Product 41,Groceries,139.26,1,139.26,False
2023-05-23,416,44,Product 44,Home,51.1,3,153.3,False
2023-05-09,326,63,Product 63,Beauty,436.62,2,873.24,False
2023-10-18,476,38,Product 38,Electronics,129.41,3,388.24,False
2023-07-31,89,70,Product 70,Groceries,170.92,1,170.92,False
2023-03-10,351,50,Product 50,Home,82.78,4,331.12,False
2023-10-24,138,64,Product 64,Groceries,87.61,4,350.43,False
2023-05-09,436,71,Product 71,Home,14.86,3,44.58,False
2023-02-11,328,10,Product 10,Beauty,361.94,4,1447.78,False
2023-04-18,66,66,Product 66,Home,205.16,1,205.16,False
2023-06-06,58,39,Product 39,Beauty,46.91,2,93.82,False
2023-08-06,50,22,Product 22,Clothing,137.79,1,137.79,False
2023-11-02,63,35,Product 35,Clothing,222.83,2,445.66,False
2023-03-11,111,29,Product 29,Clothing,353.43,4,1413.72,False
2023-10-19,72,7,Product 7,Home,17.83,4,71.33,False
2023-05-05,72,33,Product 33,Groceries,32.25,4,128.98,False
2023-06-14,164,30,Product 30,Beauty,475.65,2,951.29,False
2023-09-17,132,51,Product 51,Home,287.61,2,575.21,False
2023-01-23,194,10,Product 10,Beauty,372.58,3,1117.74,False
2023-07-05,158,55,Product 55,Beauty,101.04,4,404.18,False
2023-12-17,132,23,Product 23,Beauty,127.09,2,254.17,False
2023-09-23,157,97,Product 97,Groceries,346.88,4,1387.53,False
2023-08-25,422,85,Product 85,Clothing,225.44,3,676.33,False
2023-04-18,461,29,Product 29,Clothing,339.56,2,679.12,False
2023-06-02,276,4,Product 4,Home,63.35,1,63.35,False
2023-09-30,288,97,Product 97,Groceries,400.09,1,400.09,False
2023-09-04,460,9,Product 9,Clothing,74.03,4,296.13,False
2023-09-05,198,47,Product 47,Clothing,49.62,4,198.47,False
2023-12-21,67,17,Product 17,Groceries,294.57,1,294.57,False
2023-05-17,99,6,Product 6,Groceries,91.26,4,365.06,False
2023-05-24,481,100,Product 100,Electronics,135.79,1,135.79,False
2023-12-02,469,1,Product 1,Groceries,469.75,4,1878.99,False
2023-10-03,255,43,Product 43,Home,319.67,3,959.0,False
2023-10-25,400,34,Product 34,Beauty,175.26,1,175.26,False
2023-08-05,220,27,Product 27,Groceries,75.8,2,151.6,False
2023-06-20,6,76,Product 76,Electronics,199.23,1,199.23,False
2023-03-03,397,39,Product 39,Beauty,59.35,4,237.42,False
2023-12-19,10,22,Product 22,Clothing,147.81,2,295.62,False
2023-07-11,60,65,Product 65,Groceries,405.99,1,405.99,False
2023-06-10,476,41,Product 41,Groceries,148.04,4,592.16,False
2023-01-01,393,39,Product 39,Beauty,47.97,3,143.9,False
2023-05-24,41,7,Product 7,Home,19.95,2,39.9,False
2023-07-19,26,33,Product 33,Groceries,27.45,3,82.35,False
2023-03-14,337,18,Product 18,Home,567.65,4,2270.59,False
2023-12-23,246,55,Product 55,Beauty,117.09,2,234.17,False
2023-12-18,284,98,Product 98,Clothing,42.73,2,85.46,True
2023-10-08,227,21,Product 21,Groceries,224.51,3,673.53,False
2023-07-24,8,12,Product 12,Groceries,20.18,2,40.36,False
2023-09-04,233,90,Product 90,Home,353.57,3,1060.72,False
2023-02-21,289,24,Product 24,Groceries,264.45,1,264.45,False
2023-06-26,62,71,Product 71,Home,14.2,2,28.39,False
2023-02-09,372,93,Product 93,Beauty,475.91,1,475.91,False
2023-12-28,49,11,Product 11,Clothing,269.81,1,269.81,False
2023-06-15,101,99,Product 99,Home,180.93,2,361.87,False
2023-12-17,168,30,Product 30,Beauty,470.58,2,941.15,False
2023-03-17,214,33,Product 33,Groceries,40.6,3,121.8,False
2023-09-03,209,63,Product 63,Beauty,334.25,2,668.51,False
2023-11-03,70,7,Product 7,Home,17.86,1,17.86,False
2023-08-07,472,74,Product 74,Clothing,14.92,4,59.7,True
2023-11-20,163,99,Product 99,Home,160.84,3,482.51,False
2023-01-27,499,68,Product 68,Electronics,145.3,4,581.21,False
2023-01-16,165,63,Product 63,Beauty,525.2,4,2100.8,False
2023-06-13,29,94,Product 94,Groceries,367.91,1,367.91,False
2023-03-13,264,23,Product 23,Beauty,158.01,1,158.01,False
2023-07-31,9,3,Product 3,Beauty,75.44,4,301.76,False
2023-11-27,206,59,Product 59,Beauty,103.83,4,415.32,False
2023-11-29,98,70,Product 70,Groceries,169.5,4,678.01,False
2023-04-27,328,28,Product 28,Groceries,179.54,1,179.54,False
2023-04-17,72,94,Product 94,Groceries,386.71,4,1546.84,False
2023-07-03,70,15,Product 15,Groceries,184.61,1,184.61,False
2023-10-02,144,6,Product 6,Groceries,72.06,3,216.19,False
2023-03-06,214,35,Product 35,Clothing,355.09,3,1065.28,False
2023-07-13,160,47,Product 47,Clothing,49.05,1,49.05,False
2023-07-27,138,57,Product 57,Groceries,412.94,4,1651.77,False
2023-12-07,280,80,Product 80,Beauty,158.52,1,158.52,False
2023-10-07,276,51,Product 51,Home,299.88,1,299.88,False
2023-03-31,210,84,Product 84,Electronics,157.85,2,315.7,False
2023-12-22,491,92,Product 92,Home,109.95,4,439.81,False
2023-08-23,8,29,Product 29,Clothing,238.21,1,238.21,False
2023-12-27,294,42,Product 42,Home,101.14,4,404.55,False
2023-07-21,278,18,Product 18,Home,394.02,3,1182.05,False
2023-06-01,272,98,Product 98,Clothing,391.97,3,1175.91,False
2023-11-04,347,78,Product 78,Groceries,121.4,4,485.62,False
2023-12-10,134,79,Product 79,Clothing,356.06,3,1068.18,False
2023-04-25,1,4,Product 4,Home,65.22,1,65.22,False
2023-06-22,236,98,Product 98,Clothing,453.78,4,1815.11,False
2023-08-07,312,29,Product 29,Clothing,232.9,1,232.9,False
2023-07-18,77,1,Product 1,Groceries,439.58,1,439.58,False
2023-09-30,277,84,Product 84,Electronics,104.72,2,209.44,False
2023-03-08,237,13,Product 13,Home,390.08,1,390.08,False
2023-08-14,472,25,Product 25,Groceries,202.58,2,405.17,False
2023-01-23,222,47,Product 47,Clothing,66.0,1,66.0,False
2023-09-03,201,12,Product 12,Groceries,18.34,4,73.35,False
2023-09-30,221,77,Product 77,Electronics,112.52,1,112.52,False
2023-11-07,464,14,Product 14,Clothing,30.99,2,61.99,False
2023-06-04,183,37,Product 37,Groceries,293.58,4,1174.34,False
2023-06-19,321,100,Product 100,Electronics,107.92,1,107.92,False
2023-03-02,273,76,Product 76,Electronics,250.98,1,250.98,False
2023-01-12,10,85,Product 85,Clothing,309.68,3,929.03,False
2023-08-27,208,17,Product 17,Groceries,241.62,2,483.25,False
2023-12-12,240,35,Product 35,Clothing,297.64,1,297.64,False
2023-11-29,377,23,Product 23,Beauty,118.21,4,472.85,False
2023-04-02,23,80,Product 80,Beauty,184.01,4,736.05,False
2023-01-12,170,24,Product 24,Groceries,248.41,2,496.82,False
2023-11-10,4,25,Product 25,Groceries,219.32,1,219.32,False
2023-01-11,491,63,Product 63,Beauty,457.29,4,1829.15,False
2023-05-06,1,70,Product 70,Groceries,207.21,1,207.21,False
2023-11-28,407,35,Product 35,Clothing,225.35,1,225.35,False
2023-11-08,228,49,Product 49,Home,233.29,4,933.16,False
2023-05-17,325,1,Product 1,Groceries,511.05,4,2044.19,False
2023-07-29,421,55,Product 55,Beauty,92.17,1,92.17,False
2023-08-21,56,38,Product 38,Electronics,132.66,3,397.97,False
2023-03-30,449,72,Product 72,Home,271.46,3,814.37,False
2023-10-02,118,77,Product 77,Electronics,101.03,3,303.08,False
2023-08-15,204,53,Product 53,Home,210.41,4,841.66,False
2023-04-26,156,51,Product 51,Home,467.66,2,935.32,False
2023-05-10,491,92,Product 92,Home,102.49,3,307.47,False
2023-02-01,184,91,Product 91,Electronics,99.82,2,199.65,False
2023-06-27,498,45,Product 45,Clothing,68.19,2,136.37,False
2023-05-05,489,72,Product 72,Home,232.91,2,465.82,False
2023-10-25,84,30,Product 30,Beauty,378.06,4,1512.22,False
2023-02-13,408,39,Product 39,Beauty,59.78,4,239.12,False
2023-06-25,211,74,Product 74,Clothing,170.74,4,682.97,False
2023-08-17,18,49,Product 49,Home,219.28,1,219.28,False
2023-01-25,189,13,Product 13,Home,327.3,1,327.3,False
2023-11-25,282,91,Product 91,Electronics,78.71,1,78.71,False
2023-05-31,162,3,Product 3,Beauty,102.64,1,102.64,False
2023-01-08,471,75,Product 75,Home,181.73,4,726.93,False
2023-07-18,251,65,Product 65,Groceries,419.42,1,419.42,False
2023-11-22,343,23,Product 23,Beauty,119.98,4,479.92,False
2023-10-10,292,9,Product 9,Clothing,85.03,2,170.05,False
2023-03-11,340,73,Product 73,Beauty,38.35,4,153.41,True
2023-10-12,346,33,Product 33,Groceries,24.62,3,73.85,False
2023-05-19,280,6,Product 6,Groceries,90.72,4,362.88,False
2023-08-11,405,67,Product 67,Groceries,152.81,1,152.81,False
2023-11-21,190,79,Product 79,Clothing,310.19,4,1240.77,False
2023-07-29,397,30,Product 30,Beauty,418.33,2,836.66,False
2023-07-26,272,24,Product 24,Groceries,220.46,3,661.37,False
2023-08-18,170,28,Product 28,Groceries,133.62,3,400.86,False
2023-09-06,348,27,Product 27,Groceries,77.01,2,154.01,False
2023-10-16,273,44,Product 44,Home,39.65,1,39.65,False
2023-03-01,91,29,Product 29,Clothing,365.58,1,365.58,False
2023-02-16,28,8,Product 8,Clothing,411.15,4,1644.6,False
2023-09-20,221,6,Product 6,Groceries,68.63,2,137.26,False
2023-11-06,207,95,Product 95,Home,293.99,4,1175.97,False
2023-11-12,109,50,Product 50,Home,58.26,3,174.78,False
2023-12-01,235,91,Product 91,Electronics,81.92,2,163.85,False
2023-02-03,178,97,Product 97,Groceries,533.74,4,2134.96,False
2023-09-07,248,86,Product 86,Clothing,375.82,2,751.64,False
2023-02-16,218,58,Product 58,Beauty,349.52,2,699.03,False
2023-06-23,474,51,Product 51,Home,411.06,2,822.11,False
2023-10-23,116,41,Product 41,Groceries,133.98,1,133.98,False
2023-09-01,139,44,Product 44,Home,36.71,2,73.41,False
2023-12-30,112,26,Product 26,Home,470.84,4,1883.38,False
2023-02-28,298,99,Product 99,Home,190.12,1,190.12,False
2023-05-17,92,60,Product 60,Home,347.61,2,695.22,False
2023-01-28,79,4,Product 4,Home,71.2,4,284.79,False
2023-04-09,128,7,Product 7,Home,22.38,4,89.53,False
2023-11-30,148,59,Product 59,Beauty,116.85,2,233.71,False
2023-11-19,359,61,Product 61,Groceries,398.29,3,1194.88,False
2023-07-19,412,43,Product 43,Home,366.67,2,733.34,False
2023-01-23,17,36,Product 36,Clothing,529.06,1,529.06,False
2023-02-18,113,90,Product 90,Home,453.34,3,1360.03,False
2023-02-19,12,24,Product 24,Groceries,288.69,3,866.07,False
2023-11-16,180,70,Product 70,Groceries,151.49,3,454.48,False
2023-11-17,444,39,Product 39,Beauty,40.73,3,122.2,False
2023-04-08,294,8,Product 8,Clothing,420.66,3,1261.99,False
2023-01-09,422,89,Product 89,Beauty,339.18,1,339.18,False
2023-03-28,85,84,Product 84,Electronics,163.43,3,490.29,False
2023-03-02,163,60,Product 60,Home,387.19,3,1161.57,False
2023-10-07,300,86,Product 86,Clothing,398.31,3,1194.92,False
2023-08-30,291,37,Product 37,Groceries,206.97,2,413.93,False
2023-01-15,140,74,Product 74,Clothing,210.31,4,841.25,False
2023-10-05,320,90,Product 90,Home,364.56,4,1458.23,False
2023-01-31,222,39,Product 39,Beauty,53.81,2,107.61,False
2023-01-28,448,69,Product 69,Home,234.56,3,703.68,False
2023-01-25,471,69,Product 69,Home,220.85,2,441.69,False
2023-03-08,261,46,Product 46,Electronics,362.44,2,724.88,False
2023-03-17,219,81,Product 81,Electronics,163.92,4,655.67,False
2023-10-30,221,34,Product 34,Beauty,165.65,2,331.29,False
2023-01-21,385,52,Product 52,Clothing,125.34,2,250.68,False
2023-12-18,49,13,Product 13,Home,311.52,3,934.57,False
2023-03-21,479,46,Product 46,Electronics,361.12,1,361.12,False
2023-12-16,404,51,Product 51,Home,374.68,2,749.36,False
2023-01-14,287,55,Product 55,Beauty,112.69,3,338.06,False
2023-12-12,223,44,Product 44,Home,43.89,30,1316.77,True
2023-01-08,276,17,Product 17,Groceries,339.03,2,678.07,False
2023-05-20,444,41,Product 41,Groceries,185.9,3,557.7,False
2023-01-15,454,42,Product 42,Home,112.31,3,336.93,False
2023-12-24,254,95,Product 95,Home,355.07,4,1420.3,False
2023-02-27,100,25,Product 25,Groceries,272.85,4,1091.39,False
2023-08-08,186,67,Product 67,Groceries,164.18,4,656.72,False
2023-12-04,13,93,Product 93,Beauty,407.52,1,407.52,False
2023-04-14,218,55,Product 55,Beauty,123.83,3,371.49,False
2023-05-24,436,72,Product 72,Home,239.46,2,478.92,False
2023-05-03,58,39,Product 39,Beauty,54.58,4,218.34,False
2023-05-14,494,71,Product 71,Home,14.21,1,14.21,False
2023-09-15,336,94,Product 94,Groceries,256.9,2,513.81,False
2023-04-01,231,87,Product 87,Groceries,52.72,2,105.43,False
2023-07-05,78,27,Product 27,Groceries,94.59,3,283.76,False
2023-04-01,205,32,Product 32,Clothing,562.39,2,1124.78,False
2023-12-12,445,79,Product 79,Clothing,358.91,2,717.82,False
2023-10-26,175,96,Product 96,Home,157.46,1,157.46,False
2023-02-09,11,45,Product 45,Clothing,78.87,2,157.73,False
2023-12-30,418,96,Product 96,Home,176.03,1,176.03,False
2023-10-17,343,88,Product 88,Home,102.17,2,204.34,False
2023-01-02,481,72,Product 72,Home,253.2,1,253.2,False
2023-06-29,439,7,Product 7,Home,18.98,3,56.95,False
2023-06-09,298,3,Product 3,Beauty,93.06,4,372.25,False
2023-12-16,370,55,Product 55,Beauty,115.15,2,230.29,False
2023-05-24,454,47,Product 47,Clothing,63.33,1,63.33,False
2023-02-04,316,70,Product 70,Groceries,232.67,2,465.34,False
2023-10-04,454,53,Product 53,Home,223.66,4,894.65,False
2023-10-18,332,2,Product 2,Home,336.05,4,1344.21,False
2023-08-19,121,48,Product 48,Beauty,317.42,4,1269.67,False
2023-01-26,449,98,Product 98,Clothing,497.79,1,497.79,False
2023-10-05,12,54,Product 54,Clothing,19.86,4,79.45,False
2023-09-03,316,59,Product 59,Beauty,93.62,4,374.47,False
2023-03-09,101,7,Product 7,Home,22.81,2,45.62,False
2023-07-06,76,60,Product 60,Home,331.73,2,663.47,False
2023-01-29,146,94,Product 94,Groceries,358.09,2,716.18,False
2023-06-04,44,50,Product 50,Home,62.24,3,186.71,False
2023-03-21,329,23,Product 23,Beauty,161.94,4,647.78,False
2023-04-14,130,3,Product 3,Beauty,97.02,4,388.06,False
2023-03-17,357,59,Product 59,Beauty,134.14,3,402.43,False
2023-02-10,467,71,Product 71,Home,16.61,3,49.84,False
2023-09-27,407,73,Product 73,Beauty,304.8,3,914.4,False
2023-02-02,33,44,Product 44,Home,58.81,2,117.63,False
2023-09-02,78,21,Product 21,Groceries,227.34,2,454.68,False
2023-09-11,281,64,Product 64,Groceries,91.95,2,183.9,False
2023-07-14,285,67,Product 67,Groceries,149.68,1,149.68,False
2023-01-15,149,90,Product 90,Home,487.34,2,974.68,False
2023-05-27,414,42,Product 42,Home,127.94,1,127.94,False
2023-12-16,53,42,Product 42,Home,115.32,4,461.3,False
2023-04-29,305,96,Product 96,Home,197.6,2,395.19,False
2023-03-26,84,25,Product 25,Groceries,274.52,1,274.52,False
2023-12-13,419,9,Product 9,Clothing,94.63,1,94.63,False
2023-01-13,341,31,Product 31,Clothing,238.84,3,716.52,False
2023-04-03,105,93,Product 93,Beauty,468.8,2,937.59,False
2023-06-07,238,13,Product 13,Home,331.38,2,662.75,False
2023-11-28,282,74,Product 74,Clothing,151.5,2,302.99,False
2023-11-14,11,59,Product 59,Beauty,105.21,2,210.42,False
2023-09-24,208,19,Product 19,Beauty,175.54,1,175.54,False
2023-11-07,309,80,Product 80,Beauty,126.93,3,380.8,False
2023-05-11,168,87,Product 87,Groceries,60.03,4,240.11,False
2023-09-27,140,35,Product 35,Clothing,198.83,2,397.66,False
2023-01-16,337,38,Product 38,Electronics,172.36,1,172.36,False
2023-10-12,441,7,Product 7,Home,15.19,4,60.74,False
2023-01-25,324,81,Product 81,Electronics,153.33,4,613.33,False
2023-03-01,31,88,Product 88,Home,153.28,4,613.11,False
2023-02-19,63,11,Product 11,Clothing,301.26,2,602.53,False
2023-11-03,19,90,Product 90,Home,358.23,4,1432.91,False
2023-11-26,4,55,Product 55,Beauty,105.5,2,211.0,False
2023-08-19,94,91,Product 91,Electronics,70.07,3,210.22,False
2023-09-28,95,23,Product 23,Beauty,95.11,4,380.42,False
2023-12-26,239,68,Product 68,Electronics,156.03,4,624.12,False
2023-03-28,269,69,Product 69,Home,284.26,3,852.77,False
2023-03-17,267,50,Product 50,Home,78.37,3,235.12,False
2023-05-08,187,77,Product 77,Electronics,146.31,4,585.23,False
2023-12-04,122,36,Product 36,Clothing,451.62,1,451.62,False
2023-02-19,415,68,Product 68,Electronics,183.08,3,549.24,False
2023-06-02,269,22,Product 22,Clothing,164.86,4,659.44,False
2023-09-07,61,8,Product 8,Clothing,287.68,4,1150.73,False
2023-04-09,56,81,Product 81,Electronics,150.54,1,150.54,False
2023-10-12,179,88,Product 88,Home,115.66,1,115.66,False
2023-10-13,86,33,Product 33,Groceries,24.76,2,49.53,False
2023-05-19,403,47,Product 47,Clothing,67.88,1,67.88,False
2023-11-15,311,1,Product 1,Groceries,393.69,2,787.38,False
2023-07-22,491,6,Product 6,Groceries,65.61,2,131.21,False
2023-06-04,296,74,Product 74,Clothing,190.28,2,380.56,False
2023-06-07,100,47,Product 47,Clothing,60.25,1,60.25,False
2023-01-26,131,94,Product 94,Groceries,364.96,3,1094.89,False
2023-08-09,31,17,Product 17,Groceries,269.64,1,269.64,False
2023-10-12,365,99,Product 99,Home,151.67,2,303.35,False
2023-01-23,275,78,Product 78,Groceries,147.6,3,442.81,False
2023-06-09,374,54,Product 54,Clothing,22.28,4,89.12,False
2023-02-12,431,57,Product 57,Groceries,525.28,4,2101.13,False
2023-04-05,253,21,Product 21,Groceries,319.28,4,1277.11,False
2023-07-20,52,3,Product 3,Beauty,71.35,2,142.7,False
2023-03-16,14,86,Product 86,Clothing,645.45,4,2581.8,False
2023-05-05,359,34,Product 34,Beauty,198.53,3,595.6,False
2023-11-14,278,3,Product 3,Beauty,74.5,3,223.5,False
2023-10-22,347,81,Product 81,Electronics,113.17,4,452.69,False
2023-11-10,49,29,Product 29,Clothing,270.12,1,270.12,False
2023-09-21,472,55,Product 55,Beauty,93.73,2,187.46,False
2023-11-04,258,46,Product 46,Electronics,276.32,1,276.32,False
2023-06-18,236,58,Product 58,Beauty,262.31,2,524.62,False
2023-05-07,446,56,Product 56,Electronics,191.72,2,383.44,False
2023-11-11,189,56,Product 56,Electronics,141.94,1,141.94,False
2023-01-13,40,6,Product 6,Groceries,91.1,2,182.21,False
2023-09-11,124,17,Product 17,Groceries,238.48,4,953.92,False
2023-07-24,107,100,Product 100,Electronics,99.35,2,198.7,False
2023-11-24,440,85,Product 85,Clothing,222.78,3,668.34,False
2023-08-19,151,72,Product 72,Home,183.03,3,549.08,False
2023-11-06,402,39,Product 39,Beauty,38.58,2,77.16,False
2023-04-29,186,65,Product 65,Groceries,529.24,1,529.24,False
2023-01-25,99,30,Product 30,Beauty,505.97,2,1011.94,False
2023-12-20,218,6,Product 6,Groceries,75.53,3,226.6,False
2023-05-30,310,2,Product 2,Home,445.4,2,890.8,False
2023-04-21,257,90,Product 90,Home,469.36,2,938.72,False
2023-02-14,115,15,Product 15,Groceries,216.44,2,432.87,False
2023-02-17,192,17,Product 17,Groceries,383.86,2,767.73,False
2023-02-25,18,19,Product 19,Beauty,289.93,4,1159.72,False
2023-06-07,96,7,Product 7,Home,19.43,2,38.86,False
2023-03-20,28,14,Product 14,Clothing,38.24,2,76.47,False
2023-07-09,461,72,Product 72,Home,186.14,2,372.29,False
2023-02-07,38,29,Product 29,Clothing,343.37,4,1373.49,False
2023-10-08,44,72,Product 72,Home,187.12,1,187.12,False
2023-07-20,363,5,Product 5,Home,360.98,1,360.98,False
2023-06-06,365,77,Product 77,Electronics,124.09,4,496.37,False
2023-02-14,21,4,Product 4,Home,67.38,3,202.14,False
2023-05-15,187,11,Product 11,Clothing,307.67,2,615.33,False
2023-12-06,29,20,Product 20,Clothing,453.5,2,907.0,False
2023-10-03,397,12,Product 12,Groceries,15.89,2,31.77,False
2023-03-06,162,29,Product 29,Clothing,335.07,4,1340.27,False
2023-11-15,442,35,Product 35,Clothing,229.44,2,458.87,False
2023-06-30,284,67,Product 67,Groceries,167.63,4,670.53,False
2023-11-06,231,38,Product 38,Electronics,144.53,3,433.6,False
2023-08-12,53,65,Product 65,Groceries,388.9,2,777.8,False
2023-12-10,286,94,Product 94,Groceries,333.9,1,333.9,False
2023-01-06,207,10,Product 10,Beauty,326.03,2,652.05,False
2023-03-01,120,29,Product 29,Clothing,363.04,3,1089.13,False
2023-09-30,348,18,Product 18,Home,353.97,2,707.94,False
2023-02-19,491,60,Product 60,Home,405.66,3,1216.98,False
2023-11-05,500,34,Product 34,Beauty,173.05,3,519.15,False
2023-06-20,103,14,Product 14,Clothing,31.29,4,125.17,False
2023-11-15,412,47,Product 47,Clothing,51.84,4,207.37,False
2023-02-06,197,29,Product 29,Clothing,365.99,2,731.98,False
2023-04-20,439,5,Product 5,Home,516.41,2,1032.81,False
2023-12-10,15,69,Product 69,Home,238.01,3,714.04,False
2023-09-03,283,27,Product 27,Groceries,76.24,4,304.96,False
2023-09-12,32,91,Product 91,Electronics,62.57,3,187.72,False
2023-10-02,55,95,Product 95,Home,311.67,1,311.67,False
2023-07-08,219,70,Product 70,Groceries,171.18,2,342.37,False
2023-10-07,373,98,Product 98,Clothing,324.75,1,324.75,False
2023-10-28,435,71,Product 71,Home,10.76,1,10.76,False
2023-08-03,108,39,Product 39,Beauty,38.76,2,77.53,False
2023-07-08,246,58,Product 58,Beauty,257.2,2,514.39,False
2023-09-16,404,34,Product 34,Beauty,146.28,2,292.56,False
2023-11-26,40,76,Product 76,Electronics,190.45,3,571.35,False
2023-04-21,388,83,Product 83,Beauty,205.53,1,205.53,False
2023-10-22,10,74,Product 74,Clothing,132.59,4,530.37,False
2023-02-02,42,66,Product 66,Home,182.6,3,547.79,False
2023-07-01,113,53,Product 53,Home,217.48,4,869.93,False
2023-09-28,177,41,Product 41,Groceries,121.1,3,363.3,False
2023-03-27,58,76,Product 76,Electronics,234.16,3,702.49,False
2023-01-01,230,28,Product 28,Groceries,166.88,3,500.64,False
2023-08-20,377,95,Product 95,Home,280.89,4,1123.55,False
2023-06-13,30,3,Product 3,Beauty,92.05,4,368.19,False
2023-07-13,417,53,Product 53,Home,215.75,2,431.49,False
2023-03-10,211,4,Product 4,Home,65.05,4,260.21,False
2023-05-09,355,82,Product 82,Clothing,305.72,2,611.43,False
2023-08-28,492,69,Product 69,Home,175.67,2,351.33,False
2023-04-20,198,43,Product 43,Home,462.61,3,1387.84,False
2023-01-25,71,87,Product 87,Groceries,57.92,1,57.92,False
2023-02-04,473,95,Product 95,Home,388.69,3,1166.06,False
2023-10-08,410,79,Product 79,Clothing,279.44,4,1117.76,False
2023-04-24,146,58,Product 58,Beauty,351.57,1,351.57,False
2023-09-07,490,58,Product 58,Beauty,225.67,1,225.67,False
2023-07-12,312,48,Product 48,Beauty,344.66,1,344.66,False
2023-01-16,84,73,Product 73,Beauty,413.07,2,826.14,False
2023-01-22,258,58,Product 58,Beauty,309.0,3,927.01,False
2023-12-01,351,98,Product 98,Clothing,456.05,3,1368.14,False
2023-07-24,433,99,Product 99,Home,158.01,4,632.03,False
2023-02-22,293,5,Product 5,Home,514.67,1,514.67,False
2023-10-08,5,15,Product 15,Groceries,153.76,2,307.52,False
2023-07-20,255,50,Product 50,Home,59.44,1,59.44,False
2023-06-21,133,95,Product 95,Home,342.14,3,1026.42,False
2023-10-24,351,91,Product 91,Electronics,64.16,1,64.16,False
2023-07-29,244,59,Product 59,Beauty,98.91,4,395.64,False
2023-06-19,471,30,Product 30,Beauty,448.31,3,1344.93,False
2023-07-05,434,35,Product 35,Clothing,252.52,4,1010.07,False
2023-07-17,215,63,Product 63,Beauty,426.47,2,852.94,False
2023-01-11,320,88,Product 88,Home,129.72,3,389.16,False
2023-03-24,185,85,Product 85,Clothing,292.72,1,292.72,False
2023-07-17,231,26,Product 26,Home,377.85,1,377.85,False
2023-05-08,79,36,Product 36,Clothing,491.73,2,983.46,False
2023-12-06,151,92,Product 92,Home,101.94,3,305.81,False
2023-04-23,125,71,Product 71,Home,15.35,1,15.35,False
2023-01-12,244,58,Product 58,Beauty,275.64,3,826.91,False
2023-07-15,37,83,Product 83,Beauty,161.43,3,484.3,False
2023-12-26,284,99,Product 99,Home,159.99,1,159.99,False
2023-06-15,231,63,Product 63,Beauty,411.52,1,411.52,False
2023-02-12,4,85,Product 85,Clothing,330.15,2,660.3,False
2023-02-18,356,98,Product 98,Clothing,522.29,3,1566.87,False
2023-01-30,97,94,Product 94,Groceries,387.19,2,774.38,False
2023-01-09,158,17,Product 17,Groceries,323.46,3,970.37,False
2023-07-03,200,94,Product 94,Groceries,325.76,2,651.53,False
2023-07-25,48,89,Product 89,Beauty,308.53,1,308.53,False
2023-10-10,379,66,Product 66,Home,141.64,2,283.28,False
2023-05-03,485,80,Product 80,Beauty,158.71,2,317.41,False
2023-03-16,272,28,Product 28,Groceries,209.86,2,419.72,False
2023-07-15,254,49,Product 49,Home,247.14,4,988.55,False
2023-04-26,317,76,Product 76,Electronics,223.83,4,895.33,False
2023-03-21,105,56,Product 56,Electronics,200.1,2,400.19,False
2023-01-24,216,19,Product 19,Beauty,270.18,3,810.54,False
2023-11-25,423,87,Product 87,Groceries,47.9,4,191.61,False
2023-10-22,178,79,Product 79,Clothing,316.1,4,1264.38,False
2023-11-08,78,4,Product 4,Home,47.87,1,47.87,False
2023-10-02,407,84,Product 84,Electronics,102.18,1,102.18,False
2023-02-13,441,44,Product 44,Home,50.96,3,152.87,False
2023-10-02,62,91,Product 91,Electronics,75.22,1,75.22,False
2023-05-20,266,81,Product 81,Electronics,145.91,3,437.72,False
2023-09-24,388,60,Product 60,Home,307.86,2,615.73,False
2023-04-15,152,87,Product 87,Groceries,61.29,3,183.86,False
2023-03-18,111,20,Product 20,Clothing,583.15,1,583.15,False
2023-02-05,71,56,Product 56,Electronics,175.73,1,175.73,False
2023-07-11,27,33,Product 33,Groceries,30.7,3,92.09,False
2023-08-22,44,87,Product 87,Groceries,41.32,2,82.65,False
2023-02-27,166,89,Product 89,Beauty,361.65,4,1446.59,False
2023-03-06,142,56,Product 56,Electronics,188.04,1,188.04,False
2023-07-03,19,91,Product 91,Electronics,79.42,1,79.42,False
2023-06-04,20,47,Product 47,Clothing,57.84,4,231.36,False
2023-01-27,203,54,Product 54,Clothing,25.89,4,103.56,False
2023-11-14,34,1,Product 1,Groceries,428.35,2,856.7,False
2023-01-02,158,48,Product 48,Beauty,441.19,3,1323.56,False
2023-05-06,432,65,Product 65,Groceries,495.25,4,1981.01,False
2023-07-10,24,54,Product 54,Clothing,18.73,1,18.73,False
2023-03-14,164,26,Product 26,Home,500.68,3,1502.04,False
2023-06-30,491,60,Product 60,Home,361.0,2,721.99,False
2023-05-21,207,90,Product 90,Home,471.31,4,1885.25,False
2023-11-20,396,65,Product 65,Groceries,423.22,4,1692.86,False
2023-01-04,197,17,Product 17,Groceries,330.63,3,991.9,False
2023-03-21,345,41,Product 41,Groceries,176.43,1,176.43,False
2023-03-08,468,54,Product 54,Clothing,27.32,4,109.28,False
2023-11-30,476,91,Product 91,Electronics,71.08,2,142.17,False
2023-07-04,398,59,Product 59,Beauty,102.56,4,410.23,False
2023-08-22,147,61,Product 61,Groceries,369.58,4,1478.31,False
2023-03-13,420,13,Product 13,Home,383.11,3,1149.34,False
2023-09-05,379,60,Product 60,Home,285.29,4,1141.14,False
2023-02-01,137,28,Product 28,Groceries,192.9,3,578.7,False
2023-10-28,121,45,Product 45,Clothing,53.1,4,212.41,False
2023-06-25,335,61,Product 61,Groceries,454.38,3,1363.13,False
2023-08-19,301,18,Product 18,Home,338.35,2,676.7,False
2023-01-06,48,62,Product 62,Beauty,162.02,3,486.07,False
2023-04-04,269,52,Product 52,Clothing,142.05,3,426.15,False
2023-02-19,246,26,Product 26,Home,522.12,3,1566.37,False
2023-09-12,307,60,Product 60,Home,294.05,1,294.05,False
2023-02-26,391,88,Product 88,Home,147.74,4,590.94,False
2023-06-16,196,18,Product 18,Home,462.86,2,925.73,False
2023-10-18,268,49,Product 49,Home,214.96,2,429.92,False
2023-03-03,34,95,Product 95,Home,444.77,3,1334.31,False
2023-05-29,144,93,Product 93,Beauty,504.2,4,2016.79,False
2023-12-15,92,69,Product 69,Home,210.36,1,210.36,False
2023-04-09,310,91,Product 91,Electronics,103.16,1,103.16,False
2023-03-08,161,31,Product 31,Clothing,279.79,3,839.38,False
2023-12-24,456,62,Product 62,Beauty,156.36,1,156.36,False
2023-07-01,257,53,Product 53,Home,226.26,2,452.53,False
2023-04-01,154,62,Product 62,Beauty,175.43,3,526.29,False
2023-07-03,304,17,Product 17,Groceries,290.15,2,580.3,False
2023-04-13,9,40,Product 40,Electronics,483.88,3,1451.64,False
2023-05-25,268,2,Product 2,Home,439.02,1,439.02,False
2023-06-16,8,80,Product 80,Beauty,158.57,3,475.7,False
2023-09-06,444,70,Product 70,Groceries,147.12,3,441.37,False
2023-03-12,211,42,Product 42,Home,133.02,3,399.06,False
2023-10-05,213,65,Product 65,Groceries,396.43,4,1585.71,False
2023-05-21,312,1,Product 1,Groceries,487.15,1,487.15,False
2023-03-05,369,36,Product 36,Clothing,594.45,2,1188.9,False
2023-10-12,301,22,Product 22,Clothing,124.46,1,124.46,False
2023-05-07,438,22,Product 22,Clothing,161.5,3,484.49,False
2023-08-22,321,44,Product 44,Home,40.37,3,121.11,False
2023-09-10,35,98,Product 98,Clothing,353.6,4,1414.39,False
2023-02-01,327,75,Product 75,Home,205.42,2,410.83,False
2023-10-12,275,85,Product 85,Clothing,231.34,4,925.36,False
2023-03-25,341,78,Product 78,Groceries,157.04,3,471.12,False
2023-03-10,414,35,Product 35,Clothing,343.13,1,343.13,False
2023-02-22,441,93,Product 93,Beauty,457.1,1,457.1,False
2023-08-08,208,39,Product 39,Beauty,37.66,3,112.99,False
2023-10-13,294,44,Product 44,Home,39.11,2,78.22,False
2023-03-15,205,79,Product 79,Clothing,452.39,3,1357.17,False
2023-07-16,394,62,Product 62,Beauty,139.7,2,279.4,False
2023-10-06,49,72,Product 72,Home,183.76,2,367.52,False
2023-11-20,358,82,Product 82,Clothing,239.13,3,717.39,False
2023-08-31,199,19,Product 19,Beauty,194.59,1,194.59,False
2023-01-04,490,28,Product 28,Groceries,191.4,2,382.79,False
2023-03-26,118,84,Product 84,Electronics,162.41,3,487.24,False
2023-07-31,310,76,Product 76,Electronics,186.49,3,559.47,False
2023-08-27,91,71,Product 71,Home,11.28,1,11.28,False
2023-11-27,88,53,Product 53,Home,231.36,3,694.09,False
2023-04-29,221,45,Product 45,Clothing,75.38,2,150.75,False
2023-09-07,377,84,Product 84,Electronics,92.78,4,371.13,False
2023-12-18,394,20,Product 20,Clothing,431.27,1,431.27,False
2023-02-06,171,84,Product 84,Electronics,134.51,1,134.51,False
2023-03-10,245,25,Product 25,Groceries,301.38,3,904.14,False
2023-01-16,71,27,Product 27,Groceries,114.85,3,344.54,False
2023-02-02,411,86,Product 86,Clothing,563.06,1,563.06,False
2023-06-23,347,57,Product 57,Groceries,481.25,2,962.49,False
2023-11-22,296,50,Product 50,Home,63.35,1,63.35,False
2023-01-31,366,22,Product 22,Clothing,169.24,3,507.71,False
2023-11-05,289,60,Product 60,Home,324.26,2,648.52,False
2023-03-03,190,40,Product 40,Electronics,487.11,3,1461.32,False
2023-07-22,81,23,Product 23,Beauty,114.02,2,228.05,False
2023-04-27,114,48,Product 48,Beauty,400.75,3,1202.26,False
2023-04-20,166,5,Product 5,Home,529.58,2,1059.16,False
2023-05-27,146,99,Product 99,Home,182.42,2,364.84,False
2023-03-30,185,13,Product 13,Home,392.04,1,392.04,False
2023-04-30,342,70,Product 70,Groceries,222.57,3,667.71,False
2023-10-05,361,86,Product 86,Clothing,375.54,1,375.54,False
2023-04-12,325,57,Product 57,Groceries,542.95,1,542.95,False
2023-07-04,129,3,Product 3,Beauty,72.23,4,288.9,False
2023-07-17,30,35,Product 35,Clothing,247.51,4,990.06,False
2023-05-22,430,81,Product 81,Electronics,146.84,3,440.52,False
2023-11-09,195,83,Product 83,Beauty,160.13,4,640.5,False
2023-09-12,262,67,Product 67,Groceries,145.81,2,291.63,False
2023-05-19,339,3,Product 3,Beauty,91.82,3,275.45,False
2023-10-03,398,53,Product 53,Home,225.87,3,677.6,False
2023-12-02,172,55,Product 55,Beauty,105.45,1,105.45,False
2023-10-03,239,31,Product 31,Clothing,209.37,3,628.12,False
2023-03-15,279,18,Product 18,Home,518.05,1,518.05,False
2023-05-01,410,2,Product 2,Home,463.18,4,1852.71,False
2023-04-06,54,5,Product 5,Home,530.42,2,1060.84,False
2023-01-06,193,95,Product 95,Home,408.7,4,1634.81,False
2023-10-26,338,80,Product 80,Beauty,120.45,3,361.35,False
2023-08-06,65,7,Product 7,Home,18.1,1,18.1,False
2023-07-29,469,61,Product 61,Groceries,408.59,3,1225.77,False
2023-05-02,164,23,Product 23,Beauty,147.59,1,147.59,False
2023-10-18,97,60,Product 60,Home,318.57,4,1274.29,False
2023-08-28,69,64,Product 64,Groceries,97.01,4,388.02,False
2023-04-19,344,45,Product 45,Clothing,78.34,4,313.37,False
2023-05-21,145,18,Product 18,Home,489.01,3,1467.03,False
2023-04-07,29,22,Product 22,Clothing,179.13,2,358.27,False
2023-05-08,383,7,Product 7,Home,23.78,1,23.78,False
2023-03-16,139,79,Product 79,Clothing,454.23,4,1816.92,False
2023-06-09,308,68,Product 68,Electronics,129.82,1,129.82,False
2023-09-14,343,5,Product 5,Home,318.63,2,637.26,False
2023-07-18,7,14,Product 14,Clothing,26.83,1,26.83,False
2023-08-08,432,2,Product 2,Home,305.23,1,305.23,False
2023-11-07,60,42,Product 42,Home,101.89,2,203.78,False
2023-02-02,116,74,Product 74,Clothing,225.65,2,451.3,False
2023-06-09,78,21,Product 21,Groceries,274.69,2,549.38,False
2023-09-08,6,91,Product 91,Electronics,63.7,3,191.09,False
2023-05-19,6,27,Product 27,Groceries,114.08,2,228.15,False
2023-05-14,352,28,Product 28,Groceries,167.88,1,167.88,False
2023-06-07,450,100,Product 100,Electronics,112.17,3,336.51,False
2023-05-11,167,66,Product 66,Home,19.03,4,76.11,True
2023-03-30,429,33,Product 33,Groceries,38.6,3,115.79,False
2023-06-30,281,44,Product 44,Home,49.74,2,99.48,False
2023-04-02,261,46,Product 46,Electronics,405.28,3,1215.83,False
2023-11-10,249,86,Product 86,Clothing,443.98,3,1331.95,False
2023-09-09,30,14,Product 14,Clothing,28.27,3,84.81,False
2023-04-19,229,53,Product 53,Home,324.04,2,648.07,False
2023-08-27,216,1,Product 1,Groceries,378.93,1,378.93,False
2023-02-23,209,41,Product 41,Groceries,187.13,2,374.26,False
2023-06-01,288,56,Product 56,Electronics,156.6,3,469.81,False
2023-07-21,259,12,Product 12,Groceries,19.22,4,76.86,False
2023-09-13,270,48,Product 48,Beauty,302.08,2,604.17,False
2023-03-07,189,93,Product 93,Beauty,554.0,4,2216.02,False
2023-11-15,311,63,Product 63,Beauty,368.36,1,368.36,False
2023-09-28,496,34,Product 34,Beauty,147.65,1,147.65,False
2023-09-29,204,3,Product 3,Beauty,62.72,1,62.72,False
2023-11-23,241,2,Product 2,Home,348.87,2,697.74,False
2023-06-22,329,68,Product 68,Electronics,156.47,4,625.86,False
2023-04-02,128,38,Product 38,Electronics,167.33,4,669.31,False
2023-11-02,249,67,Product 67,Groceries,155.48,2,310.96,False
2023-07-16,162,73,Product 73,Beauty,302.17,2,604.33,False
2023-12-29,50,79,Product 79,Clothing,343.02,3,1029.07,False
2023-07-29,170,81,Product 81,Electronics,129.03,4,516.13,False
2023-05-09,84,100,Product 100,Electronics,11.17,4,44.68,True
2023-06-14,468,33,Product 33,Groceries,29.37,3,88.1,False
2023-11-10,192,52,Product 52,Clothing,123.43,1,123.43,False
2023-03-26,302,58,Product 58,Beauty,351.62,1,351.62,False
2023-04-01,379,38,Product 38,Electronics,196.7,3,590.1,False
2023-09-15,416,95,Product 95,Home,291.39,1,291.39,False
2023-01-03,369,22,Product 22,Clothing,183.71,3,551.13,False
2023-04-18,37,40,Product 40,Electronics,492.03,4,1968.14,False
2023-02-05,89,71,Product 71,Home,15.98,3,47.93,False
2023-06-17,465,46,Product 46,Electronics,323.07,2,646.15,False
2023-11-24,242,75,Product 75,Home,144.68,4,578.7,False
2023-04-23,217,4,Product 4,Home,66.52,2,133.05,False
2023-10-13,402,99,Product 99,Home,151.82,1,151.82,False
2023-11-15,184,63,Product 63,Beauty,408.04,4,1632.14,False
2023-08-30,263,99,Product 99,Home,152.04,3,456.12,False
2023-04-22,38,86,Product 86,Clothing,575.99,4,2303.96,False
2023-06-17,12,85,Product 85,Clothing,286.12,4,1144.46,False
2023-12-15,211,60,Product 60,Home,373.58,3,1120.75,False
2023-09-29,177,33,Product 33,Groceries,26.84,1,26.84,False
2023-03-20,275,5,Product 5,Home,523.66,4,2094.66,False
2023-01-19,180,72,Product 72,Home,254.56,2,509.13,False
2023-07-28,469,37,Product 37,Groceries,264.42,3,793.25,False
2023-09-29,57,19,Product 19,Beauty,188.98,1,188.98,False
2023-06-17,147,7,Product 7,Home,18.84,3,56.53,False
2023-11-14,360,53,Product 53,Home,221.58,3,664.73,False
2023-10-20,489,3,Product 3,Beauty,71.81,4,287.23,False
2023-12-14,1,92,Product 92,Home,107.96,4,431.83,False
2023-09-13,222,3,Product 3,Beauty,69.1,3,207.29,False
2023-02-04,195,11,Product 11,Clothing,336.24,4,1344.97,False
2023-05-19,112,85,Product 85,Clothing,319.45,4,1277.78,False
2023-08-30,362,88,Product 88,Home,96.31,1,96.31,False
2023-01-04,40,1,Product 1,Groceries,521.6,4,2086.4,False
2023-10-01,317,35,Product 35,Clothing,238.55,43,10257.69,True
2023-02-27,447,26,Product 26,Home,507.09,4,2028.37,False
2023-11-29,313,14,Product 14,Clothing,30.04,3,90.11,False
2023-10-30,87,92,Product 92,Home,83.15,2,166.29,False
2023-06-24,203,62,Product 62,Beauty,147.38,4,589.53,False
2023-05-22,323,28,Product 28,Groceries,168.8,3,506.39,False
2023-11-11,213,71,Product 71,Home,12.04,2,24.08,False
2023-12-12,125,36,Product 36,Clothing,514.67,2,1029.33,False
2023-02-17,385,80,Product 80,Beauty,180.96,3,542.89,False
2023-10-15,348,71,Product 71,Home,10.44,1,10.44,False
2023-05-29,397,61,Product 61,Groceries,503.32,1,503.32,False
2023-07-24,342,79,Product 79,Clothing,299.9,1,299.9,False
2023-06-11,190,95,Product 95,Home,326.97,1,326.97,False
2023-06-16,51,64,Product 64,Groceries,125.87,3,377.61,False
2023-08-28,437,6,Product 6,Groceries,70.54,4,282.18,False
2023-04-12,187,69,Product 69,Home,265.72,2,531.44,False
2023-12-07,171,77,Product 77,Electronics,133.96,4,535.85,False
2023-09-13,119,77,Product 77,Electronics,106.45,4,425.81,False
2023-04-14,306,86,Product 86,Clothing,612.04,2,1224.07,False
2023-09-29,262,90,Product 90,Home,351.46,3,1054.39,False
2023-10-23,463,94,Product 94,Groceries,260.2,1,260.2,False
2023-11-16,120,41,Product 41,Groceries,144.06,1,144.06,False
2023-03-15,287,32,Product 32,Clothing,485.4,2,970.8,False
2023-01-09,272,86,Product 86,Clothing,593.86,3,1781.59,False
2023-08-24,493,41,Product 41,Groceries,124.38,3,373.13,False
2023-07-25,69,94,Product 94,Groceries,277.04,2,554.09,False
2023-09-30,459,68,Product 68,Electronics,105.96,3,317.89,False
2023-11-03,75,71,Product 71,Home,11.58,3,34.75,False
2023-03-26,215,42,Product 42,Home,125.86,1,125.86,False
2023-12-31,241,70,Product 70,Groceries,194.13,2,388.26,False
2023-06-26,52,24,Product 24,Groceries,207.84,4,831.36,False
2023-06-20,496,100,Product 100,Electronics,119.76,2,239.52,False
2023-03-08,481,66,Product 66,Home,184.26,4,737.05,False
2023-11-28,315,62,Product 62,Beauty,126.8,1,126.8,False
2023-12-08,111,87,Product 87,Groceries,45.45,1,45.45,False
2023-01-25,480,83,Product 83,Beauty,195.98,3,587.95,False
2023-08-24,362,76,Product 76,Electronics,156.98,4,627.92,False
2023-08-05,236,23,Product 23,Beauty,96.45,2,192.89,False
2023-09-01,323,92,Product 92,Home,76.88,2,153.76,False
2023-02-21,50,54,Product 54,Clothing,25.44,4,101.77,False
2023-10-20,263,86,Product 86,Clothing,396.87,3,1190.6,False
2023-01-18,34,91,Product 91,Electronics,97.16,3,291.47,False
2023-08-29,91,72,Product 72,Home,183.74,4,734.96,False
2023-06-16,400,89,Product 89,Beauty,329.86,1,329.86,False
2023-04-10,233,15,Product 15,Groceries,235.09,2,470.19,False
2023-04-19,334,19,Product 19,Beauty,263.16,2,526.32,False
2023-10-19,375,90,Product 90,Home,337.65,1,337.65,False
2023-09-22,311,27,Product 27,Groceries,79.34,2,158.68,False
2023-11-21,251,86,Product 86,Clothing,404.91,2,809.83,False
2023-06-18,270,59,Product 59,Beauty,115.98,1,115.98,False
2023-08-15,206,33,Product 33,Groceries,27.92,4,111.67,False
2023-03-28,241,1,Product 1,Groceries,588.32,4,2353.29,False
2023-01-01,225,96,Product 96,Home,198.86,1,198.86,False
2023-07-14,297,5,Product 5,Home,37.25,3,111.76,True
2023-08-22,306,70,Product 70,Groceries,143.94,3,431.81,False
2023-08-12,23,100,Product 100,Electronics,101.49,1,101.49,False
2023-10-13,380,85,Product 85,Clothing,222.24,4,888.97,False
2023-04-05,9,7,Product 7,Home,25.06,3,75.17,False
2023-04-20,67,70,Product 70,Groceries,217.08,3,651.24,False
2023-07-05,62,35,Product 35,Clothing,244.58,4,978.33,False
2023-08-14,76,1,Product 1,Groceries,427.93,1,427.93,False
2023-02-12,97,70,Product 70,Groceries,233.66,1,233.66,False
2023-09-29,419,47,Product 47,Clothing,43.09,1,43.09,False
2023-07-28,357,35,Product 35,Clothing,261.98,1,261.98,False
2023-12-03,455,9,Product 9,Clothing,99.05,2,198.09,False
2023-11-10,283,49,Product 49,Home,233.64,1,233.64,False
2023-04-03,97,40,Product 40,Electronics,501.18,2,1002.36,False
2023-04-29,107,23,Product 23,Beauty,144.93,4,579.71,False
2023-04-01,248,1,Product 1,Groceries,563.95,4,2255.81,False
2023-09-25,457,97,Product 97,Groceries,397.92,3,1193.75,False
2023-05-04,362,29,Product 29,Clothing,342.15,2,684.3,False
2023-02-23,326,89,Product 89,Beauty,351.87,4,1407.47,False
2023-05-03,179,25,Product 25,Groceries,293.55,4,1174.19,False
2023-05-08,25,2,Product 2,Home,424.5,1,424.5,False
2023-11-07,431,47,Product 47,Clothing,46.41,3,139.23,False
2023-04-28,441,47,Product 47,Clothing,68.93,3,206.78,False
2023-11-08,500,27,Product 27,Groceries,81.21,2,162.42,False
2023-04-27,165,84,Product 84,Electronics,136.91,4,547.65,False
2023-12-13,51,60,Product 60,Home,346.0,2,692.0,False
2023-08-05,72,27,Product 27,Groceries,81.91,40,3276.39,True
2023-06-09,235,98,Product 98,Clothing,397.71,2,795.42,False
2023-12-31,211,11,Product 11,Clothing,267.01,4,1068.04,False
2023-10-15,202,81,Product 81,Electronics,108.69,3,326.07,False
2023-06-17,380,79,Product 79,Clothing,375.38,3,1126.15,False
2023-07-06,12,99,Product 99,Home,167.86,3,503.58,False
2023-12-02,97,72,Product 72,Home,195.46,2,390.93,False
2023-11-14,268,96,Product 96,Home,173.42,3,520.26,False
2023-10-08,177,56,Product 56,Electronics,132.25,3,396.74,False
2023-05-24,416,42,Product 42,Home,113.42,3,340.27,False
2023-02-07,52,1,Product 1,Groceries,548.14,2,1096.27,False
2023-11-06,367,81,Product 81,Electronics,135.97,3,407.91,False
2023-09-01,8,71,Product 71,Home,9.67,4,38.7,False
2023-05-07,195,61,Product 61,Groceries,522.77,1,522.77,False
2023-05-08,81,26,Product 26,Home,451.5,1,451.5,False
2023-01-06,403,68,Product 68,Electronics,155.38,1,155.38,False
2023-12-27,111,28,Product 28,Groceries,160.13,2,320.25,False
2023-09-27,456,39,Product 39,Beauty,34.08,1,34.08,False
2023-06-02,327,17,Product 17,Groceries,278.41,2,556.83,False
2023-08-16,342,30,Product 30,Beauty,401.94,4,1607.77,False
2023-06-27,74,17,Product 17,Groceries,297.92,3,893.76,False
2023-04-19,364,74,Product 74,Clothing,192.14,4,768.57,False
2023-07-29,469,70,Product 70,Groceries,172.4,3,517.21,False
2023-04-11,405,28,Product 28,Groceries,207.03,4,828.1,False
2023-12-01,481,58,Product 58,Beauty,297.45,2,594.91,False
2023-06-24,147,34,Product 34,Beauty,180.93,1,180.93,False
2023-02-14,229,62,Product 62,Beauty,174.15,1,174.15,False
2023-05-23,473,63,Product 63,Beauty,514.25,3,1542.74,False
2023-12-20,342,73,Product 73,Beauty,372.51,1,372.51,False
2023-06-08,19,76,Product 76,Electronics,207.86,3,623.58,False
2023-03-29,323,60,Product 60,Home,446.65,1,446.65,False
2023-07-11,318,86,Product 86,Clothing,408.36,3,1225.08,False
2023-03-28,349,33,Product 33,Groceries,37.8,2,75.6,False
2023-09-17,330,62,Product 62,Beauty,123.34,4,493.35,False
2023-09-24,199,87,Product 87,Groceries,38.71,3,116.14,False
2023-11-27,23,27,Product 27,Groceries,89.93,2,179.85,False
2023-10-27,397,71,Product 71,Home,10.25,2,20.5,False
2023-12-02,175,31,Product 31,Clothing,223.65,2,447.31,False
2023-06-04,231,20,Product 20,Clothing,518.93,4,2075.73,False
2023-08-31,276,68,Product 68,Electronics,117.83,2,235.67,False
2023-01-20,404,49,Product 49,Home,331.84,4,1327.34,False
2023-06-29,77,62,Product 62,Beauty,142.5,4,570.01,False
2023-08-22,76,93,Product 93,Beauty,353.44,4,1413.76,False
2023-04-21,64,15,Product 15,Groceries,230.01,3,690.04,False
2023-07-30,353,11,Product 11,Clothing,220.37,4,881.46,False
2023-06-13,243,88,Product 88,Home,138.08,3,414.25,False
2023-09-21,222,45,Product 45,Clothing,57.48,3,172.43,False
2023-08-04,79,57,Product 57,Groceries,340.43,2,680.85,False
2023-05-18,232,83,Product 83,Beauty,201.65,4,806.58,False
2023-05-17,121,32,Product 32,Clothing,537.92,1,537.92,False
2023-12-04,289,21,Product 21,Groceries,292.51,2,585.02,False
2023-08-01,44,11,Product 11,Clothing,206.62,2,413.25,False
2023-07-02,466,63,Product 63,Beauty,390.05,3,1170.15,False
2023-11-11,256,48,Product 48,Beauty,345.07,3,1035.21,False
2023-11-26,352,60,Product 60,Home,295.52,1,295.52,False
2023-12-12,290,36,Product 36,Clothing,521.91,4,2087.63,False
2023-07-08,427,12,Product 12,Groceries,19.12,2,38.23,False
2023-04-23,351,34,Product 34,Beauty,242.51,3,727.53,False
2023-05-30,211,87,Product 87,Groceries,50.88,3,152.65,False
2023-10-10,403,66,Product 66,Home,128.03,3,384.09,False
2023-07-24,202,81,Product 81,Electronics,128.82,4,515.27,False
2023-09-26,209,6,Product 6,Groceries,66.24,3,198.73,False
2023-06-14,111,83,Product 83,Beauty,167.42,4,669.68,False
2023-07-25,223,34,Product 34,Beauty,190.4,1,190.4,False
2023-02-18,352,47,Product 47,Clothing,65.42,4,261.68,False
2023-04-14,475,10,Product 10,Beauty,379.65,3,1138.96,False
2023-11-07,374,82,Product 82,Clothing,234.65,3,703.95,False
2023-06-22,282,81,Product 81,Electronics,130.93,3,392.78,False
2023-11-06,464,15,Product 15,Groceries,156.81,3,470.44,False
2023-01-25,133,64,Product 64,Groceries,139.83,4,559.3,False
2023-11-05,138,97,Product 97,Groceries,404.0,3,1212.0,False
2023-02-02,486,64,Product 64,Groceries,148.61,2,297.23,False
2023-07-30,22,14,Product 14,Clothing,30.7,3,92.1,False
2023-02-20,354,46,Product 46,Electronics,389.63,1,389.63,False
2023-12-11,110,99,Product 99,Home,190.47,2,380.95,False
2023-01-12,467,46,Product 46,Electronics,350.96,3,1052.88,False
2023-05-22,306,31,Product 31,Clothing,277.64,3,832.93,False
2023-04-09,328,78,Product 78,Groceries,149.37,1,149.37,False
2023-03-03,286,43,Product 43,Home,507.25,4,2029.0,False
2023-11-29,262,87,Product 87,Groceries,44.87,4,179.5,False
2023-07-06,187,84,Product 84,Electronics,103.24,1,103.24,False
2023-03-13,492,42,Product 42,Home,132.11,4,528.44,False
2023-03-29,256,69,Product 69,Home,284.14,4,1136.57,False
2023-08-04,166,75,Product 75,Home,147.88,1,147.88,False
2023-02-08,383,18,Product 18,Home,506.16,3,1518.47,False
2023-05-07,406,41,Product 41,Groceries,158.75,1,158.75,False
2023-09-03,22,88,Product 88,Home,113.11,3,339.32,False
2023-10-09,50,7,Product 7,Home,15.67,3,47.0,False
2023-02-22,110,64,Product 64,Groceries,146.84,2,293.69,False
2023-12-16,494,18,Product 18,Home,389.68,4,1558.73,False
2023-10-18,42,75,Product 75,Home,127.88,3,383.65,False
2023-11-22,202,98,Product 98,Clothing,406.06,2,812.12,False
2023-10-28,208,8,Product 8,Clothing,273.93,2,547.86,False
2023-02-14,33,89,Product 89,Beauty,369.5,1,369.5,False
2023-10-31,310,77,Product 77,Electronics,100.88,1,100.88,False
2023-05-28,80,46,Product 46,Electronics,348.72,3,1046.15,False
2023-05-18,493,36,Product 36,Clothing,547.53,2,1095.06,False
2023-02-02,114,20,Product 20,Clothing,562.4,4,2249.6,False
2023-07-23,3,79,Product 79,Clothing,347.58,3,1042.75,False
2023-12-14,25,99,Product 99,Home,189.36,2,378.72,False
2023-08-31,481,52,Product 52,Clothing,102.15,2,204.3,False
2023-10-23,407,87,Product 87,Groceries,37.07,3,111.21,False
2023-07-30,398,33,Product 33,Groceries,27.23,1,27.23,False
2023-03-26,324,99,Product 99,Home,210.7,2,421.41,False
2023-11-02,443,23,Product 23,Beauty,100.03,4,400.13,False
2023-11-10,367,27,Product 27,Groceries,82.3,1,82.3,False
2023-03-09,39,54,Product 54,Clothing,29.21,2,58.42,False
2023-09-01,207,9,Product 9,Clothing,80.39,4,321.55,False
2023-06-24,375,57,Product 57,Groceries,480.23,2,960.46,False
2023-11-09,26,83,Product 83,Beauty,175.49,4,701.94,False
2023-04-20,260,40,Product 40,Electronics,481.97,4,1927.87,False
2023-09-28,149,12,Product 12,Groceries,16.19,2,32.37,False
2023-09-30,389,16,Product 16,Home,148.3,2,296.59,False
2023-12-31,363,70,Product 70,Groceries,177.68,2,355.36,False
2023-12-22,474,88,Product 88,Home,128.62,3,385.86,False
2023-03-09,183,8,Product 8,Clothing,440.93,4,1763.71,False
2023-06-11,331,31,Product 31,Clothing,218.54,1,218.54,False
2023-11-14,120,72,Product 72,Home,197.98,3,593.93,False
2023-06-11,302,18,Product 18,Home,464.8,1,464.8,False
2023-04-03,34,83,Product 83,Beauty,193.21,3,579.63,False
2023-05-20,487,3,Product 3,Beauty,95.21,2,190.42,False
2023-02-23,120,72,Product 72,Home,231.34,4,925.35,False
2023-06-09,183,42,Product 42,Home,105.92,4,423.69,False
2023-11-22,219,15,Product 15,Groceries,164.95,4,659.82,False
2023-10-22,312,31,Product 31,Clothing,200.29,2,400.57,False
2023-07-23,307,28,Product 28,Groceries,133.79,3,401.38,False
2023-09-05,221,52,Product 52,Clothing,102.34,3,307.01,False
2023-03-27,253,89,Product 89,Beauty,345.71,1,345.71,False
2023-12-20,251,47,Product 47,Clothing,54.03,4,216.1,False
2023-08-12,343,56,Product 56,Electronics,124.82,2,249.64,False
2023-11-15,100,97,Product 97,Groceries,384.64,1,384.64,False
2023-10-29,16,84,Product 84,Electronics,112.52,1,112.52,False
2023-08-07,177,53,Product 53,Home,240.43,1,240.43,False
2023-07-24,16,48,Product 48,Beauty,351.06,1,351.06,False
2023-10-18,121,48,Product 48,Beauty,279.07,4,1116.29,False
2023-04-11,319,78,Product 78,Groceries,151.63,3,454.89,False
2023-09-22,307,37,Product 37,Groceries,231.46,3,694.39,False
2023-04-10,322,25,Product 25,Groceries,293.46,1,293.46,False
2023-03-24,285,63,Product 63,Beauty,567.1,4,2268.38,False
2023-02-12,252,46,Product 46,Electronics,350.29,1,350.29,False
2023-06-12,139,65,Product 65,Groceries,491.57,1,491.57,False
2023-10-31,381,8,Product 8,Clothing,309.58,1,309.58,False
2023-11-26,381,100,Product 100,Electronics,105.43,2,210.86,False
2023-12-15,417,95,Product 95,Home,362.33,4,1449.32,False
2023-04-16,245,55,Product 55,Beauty,116.12,2,232.24,False
2023-03-14,217,76,Product 76,Electronics,237.85,2,475.7,False
2023-05-30,438,69,Product 69,Home,252.45,1,252.45,False
2023-01-10,65,73,Product 73,Beauty,351.12,2,702.23,False
2023-05-08,480,82,Product 82,Clothing,278.58,1,278.58,False
2023-03-29,193,17,Product 17,Groceries,340.4,1,340.4,False
2023-06-05,453,9,Product 9,Clothing,101.65,3,304.95,False
2023-02-07,411,35,Product 35,Clothing,314.95,1,314.95,False
2023-12-07,414,93,Product 93,Beauty,471.45,4,1885.8,False
2023-07-03,147,23,Product 23,Beauty,112.2,3,336.61,False
2023-03-10,437,30,Product 30,Beauty,566.74,2,1133.48,False
2023-01-12,267,45,Product 45,Clothing,77.32,3,231.96,False
2023-08-22,179,30,Product 30,Beauty,367.76,4,1471.05,False
2023-01-02,299,20,Product 20,Clothing,544.49,1,544.49,False
2023-07-07,271,10,Product 10,Beauty,272.48,2,544.97,False
2023-07-31,124,22,Product 22,Clothing,131.92,1,131.92,False
2023-06-19,160,68,Product 68,Electronics,131.83,4,527.34,False
2023-01-15,353,96,Product 96,Home,185.05,3,555.16,False
2023-12-16,278,72,Product 72,Home,202.99,4,811.97,False
2023-10-01,100,6,Product 6,Groceries,61.24,3,183.73,False
2023-03-22,138,46,Product 46,Electronics,415.8,3,1247.4,False
2023-06-25,112,48,Product 48,Beauty,349.69,4,1398.75,False
2023-06-06,22,68,Product 68,Electronics,134.64,4,538.56,False
2023-03-16,373,30,Product 30,Beauty,565.87,3,1697.62,False
2023-07-15,140,37,Product 37,Groceries,258.1,1,258.1,False
2023-12-03,422,77,Product 77,Electronics,131.78,4,527.14,False
2023-06-29,101,56,Product 56,Electronics,172.91,4,691.64,False
2023-06-15,292,51,Product 51,Home,366.64,3,1099.91,False
2023-02-14,32,80,Product 80,Beauty,189.39,1,189.39,False
2023-11-23,320,12,Product 12,Groceries,19.91,1,19.91,False
2023-03-23,264,56,Product 56,Electronics,195.7,1,195.7,False
2023-07-19,60,34,Product 34,Beauty,173.14,1,173.14,False
2023-07-27,181,71,Product 71,Home,11.04,2,22.07,False
2023-04-25,79,52,Product 52,Clothing,146.41,2,292.83,False
2023-11-15,288,89,Product 89,Beauty,283.98,1,283.98,False
2023-01-05,358,77,Product 77,Electronics,152.06,3,456.18,False
2023-05-03,104,63,Product 63,Beauty,528.21,3,1584.64,False
2023-05-09,135,72,Product 72,Home,215.94,4,863.75,False
2023-03-13,68,95,Product 95,Home,394.07,1,394.07,False
2023-12-23,48,44,Product 44,Home,48.78,3,146.34,False
2023-04-16,493,31,Product 31,Clothing,282.43,4,1129.74,False
2023-09-16,436,10,Product 10,Beauty,273.96,1,273.96,False
2023-07-01,346,16,Product 16,Home,188.8,2,377.6,False
2023-08-10,238,9,Product 9,Clothing,81.99,1,81.99,False
2023-12-08,162,4,Product 4,Home,62.92,3,188.75,False
2023-06-01,311,84,Product 84,Electronics,139.35,2,278.7,False
2023-10-26,179,37,Product 37,Groceries,247.36,3,742.07,False
2023-09-30,170,20,Product 20,Clothing,349.16,2,698.33,False
2023-06-27,273,29,Product 29,Clothing,279.39,3,838.16,False
2023-12-08,465,54,Product 54,Clothing,24.19,4,96.78,False
2023-09-01,258,50,Product 50,Home,58.0,1,58.0,False
2023-11-03,168,96,Product 96,Home,168.16,4,672.62,False
2023-03-28,337,35,Product 35,Clothing,312.9,1,312.9,False
2023-10-28,324,7,Product 7,Home,17.66,1,17.66,False
2023-06-08,47,100,Product 100,Electronics,105.62,1,105.62,False
2023-08-18,353,15,Product 15,Groceries,162.55,1,162.55,False
2023-05-09,267,56,Product 56,Electronics,189.35,3,568.06,False
2023-10-10,122,7,Product 7,Home,16.39,2,32.79,False
2023-05-29,262,13,Product 13,Home,351.71,2,703.42,False
2023-08-28,148,80,Product 80,Beauty,112.06,2,224.11,False
2023-06-14,350,96,Product 96,Home,197.21,4,788.86,False
2023-07-07,294,12,Product 12,Groceries,19.48,2,38.96,False
2023-04-07,379,54,Product 54,Clothing,27.21,1,27.21,False
2023-11-11,499,48,Product 48,Beauty,307.16,1,307.16,False
2023-04-15,476,90,Product 90,Home,468.15,4,1872.6,False
2023-08-22,314,35,Product 35,Clothing,239.42,1,239.42,False
2023-08-07,56,17,Product 17,Groceries,254.97,4,1019.88,False
2023-06-19,213,56,Product 56,Electronics,167.83,1,167.83,False
2023-04-03,108,7,Product 7,Home,25.52,2,51.04,False
2023-08-24,198,54,Product 54,Clothing,19.78,2,39.55,False
2023-07-25,17,38,Product 38,Electronics,150.78,3,452.35,False
2023-07-29,162,61,Product 61,Groceries,387.6,2,775.2,False
2023-08-09,58,29,Product 29,Clothing,227.74,2,455.48,False
2023-12-22,299,31,Product 31,Clothing,221.26,3,663.77,False
2023-02-11,46,81,Product 81,Electronics,172.16,1,172.16,False
2023-12-10,236,50,Product 50,Home,68.26,4,273.02,False
2023-06-21,319,31,Product 31,Clothing,220.34,4,881.34,False
2023-11-21,101,43,Product 43,Home,337.41,3,1012.23,False
2023-08-08,461,6,Product 6,Groceries,66.18,1,66.18,False
2023-06-26,333,18,Product 18,Home,454.51,2,909.02,False
2023-10-09,496,88,Product 88,Home,96.55,4,386.21,False
2023-10-20,174,65,Product 65,Groceries,364.84,3,1094.51,False
2023-05-22,323,45,Product 45,Clothing,73.42,4,293.7,False
2023-10-10,130,30,Product 30,Beauty,427.24,4,1708.96,False
2023-08-16,192,31,Product 31,Clothing,179.27,2,358.54,False
2023-08-13,499,76,Product 76,Electronics,158.49,3,475.46,False
2023-10-27,401,99,Product 99,Home,158.82,1,158.82,False
2023-03-30,220,70,Product 70,Groceries,205.06,3,615.17,False
2023-01-17,274,35,Product 35,Clothing,302.11,4,1208.42,False
2023-03-29,326,11,Product 11,Clothing,315.17,1,315.17,False
2023-07-23,19,30,Product 30,Beauty,442.72,3,1328.16,False
2023-10-20,345,5,Product 5,Home,323.38,1,323.38,False
2023-12-05,285,39,Product 39,Beauty,50.31,1,50.31,False
2023-11-29,284,44,Product 44,Home,38.33,2,76.67,False
2023-09-25,160,69,Product 69,Home,185.78,4,743.14,False
2023-08-27,49,74,Product 74,Clothing,131.4,2,262.8,False
2023-06-08,369,2,Product 2,Home,423.76,2,847.52,False
2023-12-12,157,58,Product 58,Beauty,299.04,1,299.04,False
2023-07-12,422,99,Product 99,Home,174.15,2,348.29,False
2023-02-11,231,15,Product 15,Groceries,209.34,4,837.35,False
2023-03-25,135,81,Product 81,Electronics,184.28,2,368.55,False
2023-06-05,133,58,Product 58,Beauty,293.16,4,1172.66,False
2023-09-16,141,28,Product 28,Groceries,122.76,3,368.28,False
2023-03-22,82,50,Product 50,Home,81.62,4,326.49,False
2023-10-31,60,11,Product 11,Clothing,204.3,1,204.3,False
2023-10-31,432,48,Product 48,Beauty,289.59,4,1158.38,False
2023-04-24,96,11,Product 11,Clothing,290.54,3,871.61,False
2023-01-20,90,1,Product 1,Groceries,472.38,1,472.38,False
2023-06-26,316,17,Product 17,Groceries,313.04,4,1252.15,False
2023-08-16,52,50,Product 50,Home,60.81,3,182.43,False
2023-08-03,17,68,Product 68,Electronics,125.6,1,125.6,False
2023-12-10,336,96,Product 96,Home,182.13,1,182.13,False
2023-01-01,333,68,Product 68,Electronics,172.18,3,516.53,False
2023-12-25,215,87,Product 87,Groceries,46.67,1,46.67,False
2023-01-31,431,100,Product 100,Electronics,131.96,2,263.91,False
2023-01-21,21,55,Product 55,Beauty,127.84,3,383.53,False
2023-03-17,145,41,Product 41,Groceries,200.99,3,602.96,False
2023-03-31,218,85,Product 85,Clothing,341.14,3,1023.43,False
2023-08-14,151,8,Product 8,Clothing,277.36,4,1109.45,False
2023-12-09,303,49,Product 49,Home,302.69,1,302.69,False
2023-08-29,129,52,Product 52,Clothing,108.52,4,434.1,False
2023-04-20,205,91,Product 91,Electronics,95.39,4,381.56,False
2023-02-03,429,67,Product 67,Groceries,207.48,1,207.48,False
2023-10-03,284,74,Product 74,Clothing,152.66,2,305.32,False
2023-03-18,474,11,Product 11,Clothing,331.22,2,662.44,False
2023-10-04,67,45,Product 45,Clothing,59.47,3,178.4,False
2023-07-11,309,61,Product 61,Groceries,393.83,4,1575.33,False
2023-10-04,105,73,Product 73,Beauty,303.96,4,1215.86,False
2023-11-21,93,32,Product 32,Clothing,403.93,3,1211.8,False
2023-11-25,356,28,Product 28,Groceries,144.51,1,144.51,False
2023-05-26,205,98,Product 98,Clothing,460.89,2,921.78,False
2023-05-28,166,88,Product 88,Home,155.67,1,155.67,False
2023-06-01,159,41,Product 41,Groceries,160.98,1,160.98,False
2023-01-13,325,12,Product 12,Groceries,22.87,4,91.48,False
2023-02-28,32,11,Product 11,Clothing,299.54,1,299.54,False
2023-11-05,108,80,Product 80,Beauty,145.67,4,582.68,False
2023-05-30,378,22,Product 22,Clothing,161.91,1,161.91,False
2023-05-02,369,38,Product 38,Electronics,155.59,3,466.77,False
2023-02-26,350,88,Product 88,Home,156.86,1,156.86,False
2023-05-25,174,82,Product 82,Clothing,287.88,1,287.88,False
2023-06-09,380,35,Product 35,Clothing,288.36,2,576.72,False
2023-05-18,13,71,Product 71,Home,14.7,2,29.39,False
2023-10-05,81,44,Product 44,Home,37.07,2,74.15,False
2023-06-07,385,34,Product 34,Beauty,219.86,1,219.86,False
2023-10-26,319,97,Product 97,Groceries,390.75,2,781.5,False
2023-02-15,272,1,Product 1,Groceries,543.86,1,543.86,False
2023-11-30,455,62,Product 62,Beauty,133.68,4,534.72,False
2023-11-11,93,53,Product 53,Home,226.86,4,907.44,False
2023-10-14,42,10,Product 10,Beauty,251.32,2,502.63,False
2023-07-08,388,22,Product 22,Clothing,151.22,4,604.88,False
2023-10-03,5,22,Product 22,Clothing,125.06,2,250.13,False
2023-04-10,347,50,Product 50,Home,84.19,4,336.74,False
2023-11-06,259,23,Product 23,Beauty,101.15,1,101.15,False
2023-10-23,90,2,Product 2,Home,325.71,1,325.71,False
2023-03-29,289,18,Product 18,Home,552.3,3,1656.89,False
2023-11-16,322,1,Product 1,Groceries,424.55,2,849.1,False
2023-04-05,50,41,Product 41,Groceries,180.41,3,541.23,False
2023-05-25,63,34,Product 34,Beauty,226.97,3,680.92,False
2023-05-11,451,4,Product 4,Home,60.29,1,60.29,False
2023-06-13,76,84,Product 84,Electronics,135.32,3,405.96,False
2023-07-15,158,88,Product 88,Home,108.86,2,217.71,False
2023-05-11,287,52,Product 52,Clothing,147.74,3,443.21,False
2023-02-06,343,93,Product 93,Beauty,469.54,3,1408.63,False
2023-03-16,202,20,Product 20,Clothing,581.98,3,1745.95,False
2023-04-15,218,55,Product 55,Beauty,131.57,1,131.57,False
2023-11-28,445,51,Product 51,Home,323.93,4,1295.71,False
2023-08-27,194,24,Product 24,Groceries,202.27,1,202.27,False
2023-10-24,241,41,Product 41,Groceries,135.82,3,407.47,False
2023-07-24,499,14,Product 14,Clothing,29.46,3,88.37,False
2023-03-27,414,23,Product 23,Beauty,138.56,4,554.25,False
2023-02-02,498,12,Product 12,Groceries,23.46,1,23.46,False
2023-02-26,266,48,Product 48,Beauty,427.79,1,427.79,False
2023-05-06,320,29,Product 29,Clothing,325.12,2,650.23,False
2023-05-13,457,78,Product 78,Groceries,140.59,2,281.19,False
2023-11-13,217,75,Product 75,Home,139.7,4,558.8,False
2023-02-01,191,9,Product 9,Clothing,106.63,3,319.88,False
2023-05-02,184,91,Product 91,Electronics,99.02,4,396.07,False
2023-06-12,25,63,Product 63,Beauty,456.08,1,456.08,False
2023-01-21,154,34,Product 34,Beauty,226.74,3,680.21,False
2023-04-27,247,98,Product 98,Clothing,500.01,4,2000.03,False
2023-10-27,12,20,Product 20,Clothing,421.21,1,421.21,False
2023-04-09,182,32,Product 32,Clothing,492.97,1,492.97,False
2023-10-24,33,86,Product 86,Clothing,436.0,3,1308.0,False
2023-03-21,13,71,Product 71,Home,1.61,2,3.22,True
2023-01-07,397,91,Product 91,Electronics,85.45,1,85.45,False
2023-06-15,494,47,Product 47,Clothing,51.32,1,51.32,False
2023-02-17,62,97,Product 97,Groceries,499.38,3,1498.13,False
2023-02-02,366,51,Product 51,Home,474.1,2,948.21,False
2023-02-22,329,95,Product 95,Home,432.17,1,432.17,False
2023-09-19,202,60,Product 60,Home,280.83,3,842.5,False
2023-06-17,368,53,Product 53,Home,252.73,1,252.73,False
2023-12-25,337,66,Product 66,Home,159.85,3,479.54,False
2023-09-05,286,99,Product 99,Home,143.87,4,575.5,False
2023-06-28,420,2,Product 2,Home,371.23,2,742.46,False
2023-08-04,493,65,Product 65,Groceries,349.35,3,1048.05,False
2023-10-02,37,61,Product 61,Groceries,360.15,1,360.15,False
2023-02-25,474,39,Product 39,Beauty,54.63,1,54.63,False
2023-06-21,245,95,Product 95,Home,330.75,2,661.49,False
2023-11-26,179,67,Product 67,Groceries,153.26,4,613.04,False
2023-03-17,178,92,Product 92,Home,127.74,2,255.47,False
2023-08-09,492,87,Product 87,Groceries,41.87,1,41.87,False
2023-10-26,443,20,Product 20,Clothing,427.44,2,854.88,False
2023-01-10,300,68,Product 68,Electronics,165.93,3,497.8,False
2023-06-17,4,90,Product 90,Home,400.18,4,1600.71,False
2023-11-12,166,84,Product 84,Electronics,110.4,4,441.62,False
2023-01-30,425,21,Product 21,Groceries,331.86,3,995.57,False
2023-08-08,495,26,Product 26,Home,388.02,1,388.02,False
2023-02-20,175,72,Product 72,Home,231.49,4,925.96,False
2023-05-14,278,77,Product 77,Electronics,146.36,4,585.46,False
2023-01-29,372,28,Product 28,Groceries,184.38,4,737.51,False
2023-08-01,172,37,Product 37,Groceries,241.77,2,483.55,False
2023-08-25,22,42,Product 42,Home,96.73,3,290.19,False
2023-07-31,51,31,Product 31,Clothing,217.29,2,434.58,False
2023-01-29,372,95,Product 95,Home,363.46,4,1453.83,False
2023-12-03,101,22,Product 22,Clothing,164.68,1,164.68,False
2023-04-21,82,44,Product 44,Home,58.03,3,174.1,False
2023-08-25,202,48,Product 48,Beauty,329.6,1,329.6,False
2023-06-05,345,91,Product 91,Electronics,77.52,4,310.09,False
2023-08-04,142,50,Product 50,Home,51.79,1,51.79,False
2023-11-17,132,20,Product 20,Clothing,435.81,2,871.63,False
2023-04-20,256,47,Product 47,Clothing,63.58,1,63.58,False
2023-06-15,388,8,Product 8,Clothing,347.95,2,695.9,False
2023-03-07,414,83,Product 83,Beauty,197.45,3,592.34,False
2023-10-12,23,31,Product 31,Clothing,209.19,3,627.56,False
2023-01-22,58,38,Product 38,Electronics,166.95,3,500.85,False
2023-04-12,339,41,Product 41,Groceries,178.69,3,536.07,False
2023-01-15,167,8,Product 8,Clothing,373.3,4,1493.21,False
2023-08-16,62,50,Product 50,Home,57.08,2,114.16,False
2023-11-28,185,16,Product 16,Home,180.52,2,361.04,False
2023-06-20,367,65,Product 65,Groceries,426.88,2,853.76,False
2023-11-26,66,87,Product 87,Groceries,44.5,3,133.51,False
2023-02-19,459,28,Product 28,Groceries,181.9,4,727.61,False
2023-11-07,64,63,Product 63,Beauty,376.87,1,376.87,False
2023-09-15,11,86,Product 86,Clothing,372.34,4,1489.35,False
2023-02-20,166,64,Product 64,Groceries,129.03,1,129.03,False
2023-05-08,378,75,Product 75,Home,175.36,3,526.08,False
2023-07-05,284,29,Product 29,Clothing,258.07,3,774.21,False
2023-04-17,375,97,Product 97,Groceries,595.93,3,1787.78,False
2023-07-07,212,13,Product 13,Home,299.2,4,1196.81,False
2023-08-11,411,70,Product 70,Groceries,146.25,1,146.25,False
2023-03-01,139,63,Product 63,Beauty,483.71,4,1934.82,False
2023-03-08,280,38,Product 38,Electronics,198.31,4,793.23,False
2023-03-30,388,21,Product 21,Groceries,327.65,1,327.65,False
2023-12-12,229,52,Product 52,Clothing,121.49,1,121.49,False
2023-08-10,270,24,Product 24,Groceries,193.71,1,193.71,False
2023-04-15,274,9,Product 9,Clothing,104.78,2,209.57,False
2023-04-11,49,63,Product 63,Beauty,510.46,3,1531.38,False
2023-08-06,16,60,Product 60,Home,261.29,1,261.29,False
2023-01-22,490,78,Product 78,Groceries,155.5,4,622.01,False
2023-05-14,71,69,Product 69,Home,24.73,1,24.73,True
2023-07-20,285,32,Product 32,Clothing,420.19,2,840.38,False
2023-02-14,378,9,Product 9,Clothing,110.62,1,110.62,False
2023-04-12,137,99,Product 99,Home,214.06,4,856.23,False
2023-02-28,154,70,Product 70,Groceries,223.04,3,669.12,False
2023-03-04,400,21,Product 21,Groceries,368.49,1,368.49,False
2023-11-05,295,32,Product 32,Clothing,436.93,3,1310.78,False
2023-05-10,499,11,Product 11,Clothing,307.1,4,1228.39,False
2023-10-19,47,30,Product 30,Beauty,379.89,1,379.89,False
2023-08-04,479,4,Product 4,Home,53.23,4,212.91,False
2023-04-13,32,89,Product 89,Beauty,360.26,2,720.52,False
2023-02-16,342,30,Product 30,Beauty,588.57,4,2354.26,False
2023-05-30,383,21,Product 21,Groceries,327.48,2,654.95,False
2023-01-18,342,65,Product 65,Groceries,522.6,3,1567.81,False
2023-04-04,172,52,Product 52,Clothing,145.78,2,291.55,False
2023-07-09,27,37,Product 37,Groceries,243.02,3,729.07,False
2023-07-15,316,22,Product 22,Clothing,143.66,3,430.98,False
2023-01-26,372,47,Product 47,Clothing,65.3,1,65.3,False
2023-04-15,158,83,Product 83,Beauty,195.15,3,585.45,False
2023-12-07,220,34,Product 34,Beauty,193.02,3,579.07,False
2023-01-04,297,79,Product 79,Clothing,405.59,1,405.59,False
2023-09-28,23,56,Product 56,Electronics,134.91,1,134.91,False
2023-08-29,306,58,Product 58,Beauty,227.49,4,909.95,False
2023-04-04,129,31,Product 31,Clothing,275.51,2,551.02,False
2023-10-26,187,41,Product 41,Groceries,134.9,2,269.8,False
2023-01-01,181,25,Product 25,Groceries,304.55,3,913.66,False
2023-08-01,149,83,Product 83,Beauty,139.26,3,417.79,False
2023-08-15,33,4,Product 4,Home,45.31,1,45.31,False
2023-06-03,148,90,Product 90,Home,400.44,2,800.89,False
2023-08-01,373,56,Product 56,Electronics,148.99,4,595.97,False
2023-05-06,261,55,Product 55,Beauty,129.68,3,389.03,False
2023-07-26,168,3,Product 3,Beauty,84.05,4,336.2,False
2023-05-23,178,3,Product 3,Beauty,102.23,4,408.93,False
2023-10-13,237,44,Product 44,Home,35.98,4,143.93,False
2023-07-01,437,3,Product 3,Beauty,70.79,2,141.59,False
2023-04-23,9,30,Product 30,Beauty,575.73,3,1727.2,False
2023-09-28,291,38,Product 38,Electronics,126.12,2,252.24,False
2023-08-03,109,42,Product 42,Home,80.11,3,240.32,False
2023-05-10,290,64,Product 64,Groceries,133.58,3,400.74,False
2023-07-22,380,43,Product 43,Home,373.93,3,1121.79,False
2023-01-16,188,14,Product 14,Clothing,34.89,2,69.79,False
2023-11-22,414,27,Product 27,Groceries,87.06,3,261.19,False
2023-11-26,224,100,Product 100,Electronics,98.38,2,196.76,False
2023-01-09,323,24,Product 24,Groceries,261.44,4,1045.76,False
2023-12-21,126,47,Product 47,Clothing,61.66,3,184.97,False
2023-05-08,386,20,Product 20,Clothing,482.13,3,1446.4,False
2023-07-19,391,48,Product 48,Beauty,345.51,2,691.02,False
2023-11-04,92,1,Product 1,Groceries,408.42,1,408.42,False
2023-05-15,402,84,Product 84,Electronics,135.27,2,270.54,False
2023-06-17,42,55,Product 55,Beauty,102.37,4,409.49,False
2023-05-29,384,99,Product 99,Home,185.38,3,556.15,False
2023-03-01,132,60,Product 60,Home,386.07,1,386.07,False
2023-01-11,426,78,Product 78,Groceries,144.16,4,576.65,False
2023-02-03,56,40,Product 40,Electronics,479.85,3,1439.55,False
2023-11-29,406,95,Product 95,Home,291.21,2,582.42,False
2023-11-09,71,35,Product 35,Clothing,259.38,4,1037.52,False
2023-11-22,111,67,Product 67,Groceries,156.52,4,626.09,False
2023-01-03,236,46,Product 46,Electronics,345.23,4,1380.92,False
2023-11-30,347,52,Product 52,Clothing,112.12,2,224.24,False
2023-04-14,166,100,Product 100,Electronics,137.37,1,137.37,False
2023-11-21,457,86,Product 86,Clothing,409.88,2,819.77,False
2023-01-05,115,26,Product 26,Home,498.28,3,1494.83,False
2023-04-23,25,6,Product 6,Groceries,100.02,2,200.03,False
2023-06-15,413,81,Product 81,Electronics,154.43,4,617.73,False
2023-02-16,286,50,Product 50,Home,87.66,3,262.97,False
2023-06-27,408,38,Product 38,Electronics,148.04,1,148.04,False
2023-07-14,310,16,Product 16,Home,172.3,49,8442.7,True
2023-07-07,444,35,Product 35,Clothing,265.93,2,531.86,False
2023-02-04,192,16,Product 16,Home,219.21,4,876.82,False
2023-04-08,358,52,Product 52,Clothing,145.81,1,145.81,False
2023-07-27,492,83,Product 83,Beauty,170.45,2,340.9,False
2023-10-04,112,60,Product 60,Home,265.47,1,265.47,False
2023-01-26,462,17,Product 17,Groceries,342.54,4,1370.14,False
2023-02-24,81,37,Product 37,Groceries,323.5,1,323.5,False
2023-10-11,38,31,Product 31,Clothing,175.11,3,525.34,False
2023-01-12,129,21,Product 21,Groceries,334.43,2,668.86,False
2023-07-13,470,52,Product 52,Clothing,110.78,2,221.56,False
2023-04-03,75,76,Product 76,Electronics,252.03,3,756.1,False
2023-09-29,352,21,Product 21,Groceries,232.8,1,232.8,False
2023-06-30,134,31,Product 31,Clothing,216.29,4,865.15,False
2023-02-09,248,16,Product 16,Home,225.21,2,450.42,False
2023-05-11,416,87,Product 87,Groceries,49.52,3,148.55,False
2023-10-11,9,29,Product 29,Clothing,256.19,3,768.57,False
2023-09-20,184,10,Product 10,Beauty,236.45,4,945.79,False
2023-12-21,357,44,Product 44,Home,49.21,3,147.64,False
2023-11-01,83,29,Product 29,Clothing,273.77,4,1095.06,False
2023-08-31,281,19,Product 19,Beauty,188.4,4,753.62,False
2023-05-25,21,58,Product 58,Beauty,302.92,3,908.75,False
2023-08-26,334,55,Product 55,Beauty,84.8,2,169.6,False
2023-07-01,342,73,Product 73,Beauty,307.54,1,307.54,False
2023-06-10,298,23,Product 23,Beauty,112.68,1,112.68,False
2023-10-16,430,77,Product 77,Electronics,100.14,2,200.29,False
2023-08-06,234,8,Product 8,Clothing,294.95,3,884.84,False
2023-06-13,286,6,Product 6,Groceries,79.87,2,159.75,False
2023-07-11,1,42,Product 42,Home,98.43,1,98.43,False
2023-05-27,70,45,Product 45,Clothing,80.26,4,321.02,False
2023-01-02,161,99,Product 99,Home,201.61,1,201.61,False
2023-10-18,339,3,Product 3,Beauty,76.16,3,228.48,False
2023-08-22,199,46,Product 46,Electronics,264.69,2,529.38,False
2023-02-15,51,30,Product 30,Beauty,542.33,4,2169.34,False
2023-09-08,142,55,Product 55,Beauty,86.37,1,86.37,False
2023-06-25,71,35,Product 35,Clothing,250.29,1,250.29,False
2023-05-24,57,88,Product 88,Home,153.14,2,306.29,False
2023-10-20,405,49,Product 49,Home,227.64,2,455.28,False
2023-04-13,248,7,Product 7,Home,25.17,3,75.52,False
2023-03-15,74,10,Product 10,Beauty,399.51,1,399.51,False
2023-06-07,5,1,Product 1,Groceries,439.87,3,1319.61,False
2023-04-25,321,55,Product 55,Beauty,115.25,4,461.01,False
2023-04-02,499,97,Product 97,Groceries,589.43,4,2357.73,False
2023-04-10,290,30,Product 30,Beauty,584.86,4,2339.45,False
2023-11-26,150,80,Product 80,Beauty,141.33,4,565.33,False
2023-05-30,259,66,Product 66,Home,202.46,4,809.85,False
2023-07-23,50,53,Product 53,Home,237.17,1,237.17,False
2023-08-25,263,23,Product 23,Beauty,110.14,1,110.14,False
2023-06-27,127,1,Product 1,Groceries,460.66,3,1381.98,False
2023-04-10,354,37,Product 37,Groceries,347.22,2,694.44,False
2023-04-23,377,5,Product 5,Home,470.12,1,470.12,False
2023-12-20,173,76,Product 76,Electronics,210.16,1,210.16,False
2023-06-25,44,82,Product 82,Clothing,243.76,4,975.04,False
2023-01-21,305,92,Product 92,Home,115.09,2,230.19,False
2023-06-19,121,7,Product 7,Home,18.21,4,72.83,False
2023-09-06,349,85,Product 85,Clothing,231.52,4,926.07,False
2023-02-07,237,54,Product 54,Clothing,26.71,1,26.71,False
2023-01-08,364,63,Product 63,Beauty,521.11,2,1042.21,False
2023-12-19,143,75,Product 75,Home,160.25,2,320.5,False
2023-10-07,78,48,Product 48,Beauty,280.65,3,841.95,False
2023-08-05,40,83,Product 83,Beauty,138.4,4,553.59,False
2023-02-19,61,96,Product 96,Home,214.96,3,644.89,False
2023-10-06,492,66,Product 66,Home,132.87,1,132.87,False
2023-08-24,496,88,Product 88,Home,97.24,4,388.95,False
2023-12-18,195,24,Product 24,Groceries,210.85,2,421.7,False
2023-01-20,228,32,Product 32,Clothing,506.48,1,506.48,False
2023-08-09,271,89,Product 89,Beauty,285.54,3,856.62,False
2023-08-16,244,5,Product 5,Home,377.86,2,755.72,False
2023-01-03,108,42,Product 42,Home,127.23,3,381.68,False
2023-08-13,397,86,Product 86,Clothing,401.81,3,1205.44,False
2023-01-20,79,87,Product 87,Groceries,58.31,4,233.23,False
2023-10-05,180,69,Product 69,Home,191.77,2,383.53,False
2023-11-29,342,86,Product 86,Clothing,420.0,3,1260.0,False
2023-08-26,118,15,Product 15,Groceries,145.7,1,145.7,False
2023-03-11,299,76,Product 76,Electronics,235.85,1,235.85,False
2023-04-25,176,8,Product 8,Clothing,450.52,1,450.52,False
2023-10-27,470,21,Product 21,Groceries,254.62,1,254.62,False
2023-09-07,346,87,Product 87,Groceries,41.34,4,165.37,False
2023-10-31,223,75,Product 75,Home,127.26,3,381.77,False
2023-07-30,448,32,Product 32,Clothing,369.99,1,369.99,False
2023-06-04,466,19,Product 19,Beauty,240.57,4,962.26,False
2023-06-27,288,16,Product 16,Home,179.97,4,719.86,False
2023-03-15,325,21,Product 21,Groceries,322.72,3,968.17,False
2023-11-09,147,96,Product 96,Home,174.95,2,349.9,False
2023-10-28,392,86,Product 86,Clothing,378.15,2,756.31,False
2023-05-08,378,54,Product 54,Clothing,26.64,3,79.93,False
2023-01-11,242,50,Product 50,Home,79.79,3,239.36,False
2023-01-02,197,75,Product 75,Home,199.24,2,398.49,False
2023-08-28,174,48,Product 48,Beauty,303.86,4,1215.43,False
2023-02-12,276,50,Product 50,Home,75.99,3,227.98,False
2023-09-06,51,18,Product 18,Home,345.76,3,1037.29,False
2023-07-15,164,45,Product 45,Clothing,59.32,3,177.95,False
2023-04-01,277,43,Product 43,Home,477.74,2,955.49,False
2023-10-03,27,1,Product 1,Groceries,370.14,4,1480.54,False
2023-02-03,12,2,Product 2,Home,433.51,3,1300.52,False
2023-01-26,115,28,Product 28,Groceries,191.83,3,575.5,False
2023-07-10,159,8,Product 8,Clothing,333.94,1,333.94,False
2023-10-14,392,10,Product 10,Beauty,255.48,3,766.45,False
2023-01-01,208,64,Product 64,Groceries,126.9,2,253.8,False
2023-07-19,467,57,Product 57,Groceries,392.45,2,784.9,False
2023-02-02,49,32,Product 32,Clothing,509.04,1,509.04,False
2023-05-03,151,64,Product 64,Groceries,138.82,2,277.64,False
2023-09-04,108,61,Product 61,Groceries,396.93,1,396.93,False
2023-09-28,40,17,Product 17,Groceries,249.97,4,999.88,False
2023-03-07,229,22,Product 22,Clothing,182.02,2,364.04,False
2023-03-06,356,86,Product 86,Clothing,582.17,3,1746.52,False
2023-09-26,141,39,Product 39,Beauty,34.73,3,104.18,False
2023-04-13,484,54,Product 54,Clothing,24.84,2,49.69,False
2023-08-27,341,68,Product 68,Electronics,120.65,4,482.59,False
2023-10-23,299,69,Product 69,Home,195.69,3,587.06,False
2023-06-19,303,10,Product 10,Beauty,287.34,3,862.02,False
2023-10-13,133,90,Product 90,Home,323.35,4,1293.41,False
2023-10-18,441,71,Product 71,Home,10.7,4,42.8,False
2023-05-05,223,22,Product 22,Clothing,174.22,1,174.22,False
2023-07-18,414,58,Product 58,Beauty,243.43,3,730.29,False
2023-08-29,109,56,Product 56,Electronics,136.03,1,136.03,False
2023-05-17,283,22,Product 22,Clothing,169.81,4,679.25,False
2023-03-15,470,27,Product 27,Groceries,113.96,2,227.93,False
2023-09-05,94,94,Product 94,Groceries,268.65,1,268.65,False
2023-11-27,417,17,Product 17,Groceries,268.58,3,805.75,False
2023-11-18,348,7,Product 7,Home,16.57,3,49.7,False
2023-06-18,116,67,Product 67,Groceries,203.01,4,812.04,False
2023-05-12,99,36,Product 36,Clothing,577.27,3,1731.8,False
2023-07-09,220,67,Product 67,Groceries,170.22,3,510.65,False
2023-06-04,381,56,Product 56,Electronics,169.82,1,169.82,False
2023-01-19,88,72,Product 72,Home,257.03,1,257.03,False
2023-02-12,458,49,Product 49,Home,367.52,3,1102.55,False
2023-03-25,266,74,Product 74,Clothing,216.23,1,216.23,False
2023-12-18,90,60,Product 60,Home,367.83,2,735.66,False
2023-08-11,497,33,Product 33,Groceries,27.07,4,108.26,False
2023-05-13,95,96,Product 96,Home,183.14,2,366.28,False
2023-02-20,458,96,Product 96,Home,205.63,4,822.53,False
2023-07-16,288,78,Product 78,Groceries,129.55,1,129.55,False
2023-09-11,394,33,Product 33,Groceries,23.98,2,47.95,False
2023-04-05,305,98,Product 98,Clothing,448.12,4,1792.48,False
2023-04-20,61,54,Product 54,Clothing,23.95,4,95.79,False
2023-06-19,78,92,Product 92,Home,94.21,3,282.64,False
2023-04-14,154,34,Product 34,Beauty,239.36,4,957.44,False
2023-07-24,400,75,Product 75,Home,156.86,4,627.44,False
2023-04-22,47,93,Product 93,Beauty,541.45,3,1624.36,False
2023-08-03,334,32,Product 32,Clothing,371.44,3,1114.31,False
2023-10-26,297,70,Product 70,Groceries,149.68,2,299.36,False
2023-09-01,247,53,Product 53,Home,214.91,2,429.81,False
2023-10-05,388,30,Product 30,Beauty,433.32,2,866.64,False
2023-04-20,458,93,Product 93,Beauty,479.3,3,1437.89,False
2023-09-17,432,2,Product 2,Home,283.43,2,566.87,False
2023-08-19,37,98,Product 98,Clothing,354.21,2,708.42,False
2023-11-23,133,77,Product 77,Electronics,115.44,1,115.44,False
2023-08-01,81,13,Product 13,Home,235.38,3,706.13,False
2023-01-24,161,86,Product 86,Clothing,491.01,4,1964.04,False
2023-07-08,316,85,Product 85,Clothing,266.71,3,800.13,False
2023-12-20,305,55,Product 55,Beauty,110.77,4,443.08,False
2023-09-16,241,77,Product 77,Electronics,111.73,2,223.46,False
2023-03-22,394,15,Product 15,Groceries,247.87,4,991.48,False
2023-11-03,266,17,Product 17,Groceries,266.38,4,1065.53,False
2023-05-03,335,49,Product 49,Home,306.01,2,612.01,False
2023-05-14,180,51,Product 51,Home,429.38,2,858.76,False
2023-02-19,442,84,Product 84,Electronics,151.73,1,151.73,False
2023-01-16,475,29,Product 29,Clothing,342.76,1,342.76,False
2023-08-19,259,91,Product 91,Electronics,62.98,1,62.98,False
2023-07-06,332,14,Product 14,Clothing,26.8,4,107.19,False
2023-03-09,305,52,Product 52,Clothing,136.73,2,273.47,False
2023-03-30,374,99,Product 99,Home,202.95,3,608.86,False
2023-05-14,22,11,Product 11,Clothing,303.93,4,1215.7,False
2023-01-09,211,38,Product 38,Electronics,185.82,2,371.63,False
2023-02-16,480,64,Product 64,Groceries,131.02,4,524.07,False
2023-10-29,120,64,Product 64,Groceries,91.2,4,364.78,False
2023-02-06,259,16,Product 16,Home,252.59,3,757.77,False
2023-08-04,16,1,Product 1,Groceries,400.67,1,400.67,False
2023-09-27,379,44,Product 44,Home,34.41,2,68.82,False
2023-05-12,414,9,Product 9,Clothing,102.57,3,307.7,False
2023-06-13,94,80,Product 80,Beauty,145.0,1,145.0,False
2023-04-09,267,58,Product 58,Beauty,340.79,1,340.79,False
2023-08-11,168,65,Product 65,Groceries,348.76,2,697.52,False
2023-04-09,321,100,Product 100,Electronics,129.48,3,388.44,False
2023-09-03,13,60,Product 60,Home,262.19,2,524.37,False
2023-05-08,438,43,Product 43,Home,433.98,1,433.98,False
2023-07-30,337,83,Product 83,Beauty,146.37,4,585.49,False
2023-03-13,255,64,Product 64,Groceries,127.97,4,511.87,False
2023-06-13,136,25,Product 25,Groceries,249.33,4,997.34,False
2023-03-01,133,86,Product 86,Clothing,554.25,1,554.25,False
2023-08-13,397,53,Product 53,Home,223.88,1,223.88,False
2023-05-08,396,47,Product 47,Clothing,61.33,3,183.98,False
2023-03-20,225,62,Product 62,Beauty,200.8,2,401.6,False
2023-03-12,473,9,Product 9,Clothing,127.57,4,510.28,False
2023-06-04,302,71,Product 71,Home,13.36,2,26.73,False
2023-06-06,207,3,Product 3,Beauty,89.22,3,267.67,False
2023-03-24,104,20,Product 20,Clothing,590.17,1,590.17,False
2023-02-21,408,64,Product 64,Groceries,144.78,3,434.33,False
2023-11-01,117,74,Product 74,Clothing,164.92,1,164.92,False
2023-12-16,291,98,Product 98,Clothing,426.18,1,426.18,False
2023-08-21,374,12,Product 12,Groceries,19.36,2,38.71,False
2023-01-14,41,23,Product 23,Beauty,135.17,1,135.17,False
2023-01-31,316,31,Product 31,Clothing,261.39,4,1045.55,False
2023-08-31,179,95,Product 95,Home,276.42,4,1105.69,False
2023-03-22,470,3,Product 3,Beauty,110.23,1,110.23,False
2023-06-27,152,9,Product 9,Clothing,102.13,2,204.26,False
2023-10-13,184,88,Product 88,Home,114.02,2,228.04,False
2023-04-20,345,18,Product 18,Home,478.56,33,15792.51,True
2023-08-17,111,47,Product 47,Clothing,47.19,3,141.57,False
2023-03-04,421,61,Product 61,Groceries,580.99,1,580.99,False
2023-08-01,372,88,Product 88,Home,109.22,1,109.22,False
2023-09-24,199,66,Product 66,Home,140.02,3,420.05,False
2023-10-16,154,45,Product 45,Clothing,50.61,1,50.61,False
2023-07-31,277,19,Product 19,Beauty,209.4,4,837.59,False
2023-08-12,427,54,Product 54,Clothing,19.05,2,38.1,False
2023-11-30,220,45,Product 45,Clothing,61.76,4,247.05,False
2023-10-31,346,30,Product 30,Beauty,413.03,3,1239.1,False
2023-01-25,138,49,Product 49,Home,308.15,3,924.46,False
2023-11-13,327,59,Product 59,Beauty,109.83,3,329.48,False
2023-09-21,166,30,Product 30,Beauty,413.72,2,827.45,False
2023-02-16,26,50,Product 50,Home,74.32,4,297.29,False
2023-12-11,226,74,Product 74,Clothing,192.18,1,192.18,False
2023-10-31,174,53,Product 53,Home,231.2,4,924.8,False
2023-05-24,472,71,Product 71,Home,16.02,2,32.04,False
2023-08-20,489,90,Product 90,Home,370.04,3,1110.11,False
2023-05-30,118,72,Product 72,Home,254.38,3,763.13,False
2023-03-24,221,76,Product 76,Electronics,233.29,3,699.88,False
2023-02-25,492,52,Product 52,Clothing,136.02,3,408.06,False
2023-12-09,70,27,Product 27,Groceries,108.76,1,108.76,False
2023-09-08,380,30,Product 30,Beauty,390.32,3,1170.97,False
2023-04-26,429,96,Product 96,Home,217.41,3,652.23,False
2023-04-16,485,99,Product 99,Home,191.63,1,191.63,False
2023-07-13,474,51,Product 51,Home,311.55,1,311.55,False
2023-08-21,147,70,Product 70,Groceries,163.28,3,489.83,False
2023-06-06,63,59,Product 59,Beauty,117.97,3,353.92,False
2023-10-11,493,77,Product 77,Electronics,113.8,1,113.8,False
2023-02-26,494,88,Product 88,Home,164.28,2,328.56,False
2023-07-08,345,48,Product 48,Beauty,361.58,2,723.16,False
2023-07-09,371,38,Product 38,Electronics,132.1,2,264.21,False
2023-06-13,1,8,Product 8,Clothing,361.12,1,361.12,False
2023-06-06,486,78,Product 78,Groceries,145.24,3,435.73,False
2023-04-27,56,21,Product 21,Groceries,345.94,1,345.94,False
2023-03-24,252,57,Product 57,Groceries,587.11,2,1174.23,False
2023-01-25,420,34,Product 34,Beauty,221.44,4,885.75,False
2023-08-31,252,71,Product 71,Home,11.37,2,22.74,False
2023-04-19,346,20,Product 20,Clothing,582.3,1,582.3,False
2023-03-13,473,67,Product 67,Groceries,223.27,2,446.55,False
2023-05-28,457,40,Product 40,Electronics,427.03,1,427.03,False
2023-06-18,414,72,Product 72,Home,227.7,3,683.09,False
2023-02-02,336,87,Product 87,Groceries,62.43,1,62.43,False
2023-07-12,141,22,Product 22,Clothing,147.19,3,441.58,False
2023-12-07,496,41,Product 41,Groceries,147.38,3,442.13,False
2023-09-25,328,10,Product 10,Beauty,255.06,2,510.12,False
2023-07-25,403,21,Product 21,Groceries,282.64,2,565.29,False
2023-11-08,341,40,Product 40,Electronics,370.73,1,370.73,False
2023-01-07,326,93,Product 93,Beauty,511.56,3,1534.68,False
2023-06-11,158,38,Product 38,Electronics,152.73,3,458.18,False
2023-08-08,10,8,Product 8,Clothing,311.02,2,622.03,False
2023-09-14,349,35,Product 35,Clothing,207.0,3,621.01,False
2023-04-08,203,57,Product 57,Groceries,543.99,3,1631.98,False
2023-12-04,209,12,Product 12,Groceries,20.45,4,81.81,False
2023-04-27,345,20,Product 20,Clothing,594.95,2,1189.9,False
2023-07-15,106,59,Product 59,Beauty,101.59,2,203.18,False
2023-07-27,247,17,Product 17,Groceries,271.16,4,1084.63,False
2023-01-18,266,20,Product 20,Clothing,472.26,4,1889.05,False
2023-05-28,368,31,Product 31,Clothing,243.93,1,243.93,False
2023-04-07,175,1,Product 1,Groceries,562.58,2,1125.17,False
2023-10-05,498,50,Product 50,Home,59.92,1,59.92,False
2023-01-22,135,1,Product 1,Groceries,567.65,4,2270.59,False
2023-08-25,430,6,Product 6,Groceries,64.61,2,129.21,False
2023-11-13,113,16,Product 16,Home,180.7,1,180.7,False
2023-10-08,386,86,Product 86,Clothing,387.41,2,774.82,False
2023-05-11,272,11,Product 11,Clothing,270.58,4,1082.31,False
2023-07-15,315,41,Product 41,Groceries,128.01,2,256.03,False
2023-12-07,31,9,Product 9,Clothing,101.72,3,305.16,False
2023-06-14,280,63,Product 63,Beauty,395.85,2,791.69,False
2023-11-30,474,47,Product 47,Clothing,55.7,1,55.7,False
2023-08-31,234,99,Product 99,Home,160.56,3,481.67,False
2023-12-29,26,71,Product 71,Home,12.08,1,12.08,False
2023-09-29,5,13,Product 13,Home,240.92,1,240.92,False
2023-09-04,167,78,Product 78,Groceries,101.5,4,405.99,False
2023-05-01,173,45,Product 45,Clothing,73.11,4,292.45,False
2023-10-15,241,87,Product 87,Groceries,38.53,1,38.53,False
2023-04-30,84,93,Product 93,Beauty,534.95,2,1069.9,False
2023-10-06,20,98,Product 98,Clothing,344.93,3,1034.78,False
2023-10-29,239,7,Product 7,Home,15.09,3,45.27,False
2023-05-04,495,6,Product 6,Groceries,93.24,2,186.49,False
2023-02-15,293,26,Product 26,Home,498.69,1,498.69,False
2023-06-26,2,61,Product 61,Groceries,509.22,1,509.22,False
2023-10-31,322,95,Product 95,Home,300.13,1,300.13,False
2023-07-17,107,72,Product 72,Home,182.91,1,182.91,False
2023-04-23,337,64,Product 64,Groceries,126.33,2,252.67,False
2023-11-29,64,40,Product 40,Electronics,341.04,4,1364.18,False
2023-02-15,316,67,Product 67,Groceries,212.38,3,637.14,False
2023-09-16,407,61,Product 61,Groceries,379.27,2,758.54,False
2023-10-10,15,10,Product 10,Beauty,270.06,4,1080.23,False
2023-05-20,383,96,Product 96,Home,195.22,3,585.65,False
2023-10-19,421,86,Product 86,Clothing,392.24,4,1568.97,False
2023-11-20,359,51,Product 51,Home,325.72,4,1302.89,False
2023-11-19,24,6,Product 6,Groceries,77.47,3,232.41,False
2023-06-03,445,100,Product 100,Electronics,117.97,4,471.87,False
2023-03-17,350,56,Product 56,Electronics,193.86,1,193.86,False
2023-06-05,318,84,Product 84,Electronics,128.06,2,256.12,False
2023-06-29,401,75,Product 75,Home,169.96,3,509.88,False
2023-05-02,211,72,Product 72,Home,213.72,1,213.72,False
2023-05-25,423,64,Product 64,Groceries,127.54,3,382.61,False
2023-09-14,182,92,Product 92,Home,77.52,3,232.55,False
2023-01-20,313,59,Product 59,Beauty,141.81,1,141.81,False
2023-10-16,390,32,Product 32,Clothing,357.83,3,1073.49,False
2023-07-12,247,69,Product 69,Home,197.69,3,593.08,False
2023-09-11,193,51,Product 51,Home,286.11,4,1144.44,False
2023-09-02,359,83,Product 83,Beauty,137.08,2,274.16,False
2023-09-16,362,95,Product 95,Home,266.32,1,266.32,False
2023-05-17,7,73,Product 73,Beauty,368.47,1,368.47,False
2023-11-25,43,40,Product 40,Electronics,338.61,3,1015.84,False
2023-05-11,226,24,Product 24,Groceries,257.14,4,1028.57,False
2023-10-25,457,77,Product 77,Electronics,105.03,2,210.06,False
2023-04-17,337,69,Product 69,Home,261.36,2,522.72,False
2023-10-18,383,54,Product 54,Clothing,18.75,3,56.26,False
2023-05-05,32,32,Product 32,Clothing,445.1,1,445.1,False
2023-07-11,6,28,Product 28,Groceries,155.51,1,155.51,False
2023-08-22,391,88,Product 88,Home,97.48,1,97.48,False
2023-08-03,231,59,Product 59,Beauty,104.95,3,314.86,False
2023-07-19,249,41,Product 41,Groceries,126.89,2,253.79,False
2023-11-05,44,5,Product 5,Home,365.74,1,365.74,False
2023-06-01,75,38,Product 38,Electronics,159.35,4,637.42,False
2023-02-21,406,78,Product 78,Groceries,160.49,3,481.48,False
2023-10-11,408,31,Product 31,Clothing,199.63,4,798.53,False
2023-11-10,486,61,Product 61,Groceries,426.91,3,1280.73,False
2023-08-25,113,71,Product 71,Home,11.3,1,11.3,False
2023-06-17,71,91,Product 91,Electronics,84.75,2,169.5,False
2023-07-15,156,93,Product 93,Beauty,374.18,1,374.18,False
2023-05-24,233,43,Product 43,Home,473.51,2,947.01,False
2023-08-03,29,58,Product 58,Beauty,244.21,3,732.64,False
2023-03-18,132,55,Product 55,Beauty,121.35,4,485.39,False
2023-10-15,224,76,Product 76,Electronics,186.66,4,746.65,False
2023-08-16,308,61,Product 61,Groceries,412.78,4,1651.11,False
2023-08-11,119,66,Product 66,Home,134.49,3,403.47,False
2023-03-10,468,92,Product 92,Home,121.62,3,364.86,False
2023-06-04,455,93,Product 93,Beauty,407.14,4,1628.57,False
2023-05-14,400,20,Product 20,Clothing,502.76,2,1005.52,False
2023-03-23,9,23,Product 23,Beauty,154.89,4,619.56,False
2023-10-30,320,57,Product 57,Groceries,346.64,4,1386.56,False
2023-03-07,413,32,Product 32,Clothing,587.5,2,1175.0,False
2023-09-29,307,79,Product 79,Clothing,264.84,4,1059.37,False
2023-05-31,339,46,Product 46,Electronics,365.11,1,365.11,False
2023-09-18,249,60,Product 60,Home,281.83,4,1127.3,False
2023-04-13,136,5,Product 5,Home,549.26,2,1098.52,False
2023-04-17,411,76,Product 76,Electronics,246.8,1,246.8,False
2023-09-04,351,32,Product 32,Clothing,393.43,4,1573.73,False
2023-08-27,392,85,Product 85,Clothing,221.29,1,221.29,False
2023-02-28,439,88,Product 88,Home,138.78,4,555.11,False
2023-01-24,446,3,Product 3,Beauty,98.17,2,196.34,False
2023-12-04,416,97,Product 97,Groceries,453.1,4,1812.4,False
2023-05-30,228,43,Product 43,Home,413.85,1,413.85,False
2023-09-05,147,65,Product 65,Groceries,327.75,3,983.24,False
2023-01-01,397,67,Product 67,Groceries,213.12,4,852.48,False
2023-01-21,338,63,Product 63,Beauty,472.35,4,1889.39,False
2023-10-21,346,7,Product 7,Home,15.37,1,15.37,False
2023-05-09,237,83,Product 83,Beauty,211.67,1,211.67,False
2023-09-09,111,51,Product 51,Home,331.71,2,663.41,False
2023-11-21,473,75,Product 75,Home,159.7,4,638.81,False
2023-08-01,330,75,Product 75,Home,139.54,2,279.07,False
2023-05-30,388,44,Product 44,Home,53.16,3,159.47,False
2023-12-24,217,68,Product 68,Electronics,143.38,3,430.13,False
2023-05-30,191,91,Product 91,Electronics,83.77,3,251.31,False
2023-11-14,84,69,Product 69,Home,184.33,4,737.33,False
2023-10-12,89,80,Product 80,Beauty,135.22,3,405.67,False
2023-07-09,131,19,Product 19,Beauty,219.73,2,439.46,False
2023-08-06,59,35,Product 35,Clothing,223.39,1,223.39,False
2023-09-28,50,60,Product 60,Home,302.77,2,605.54,False
2023-11-07,461,2,Product 2,Home,354.76,2,709.52,False
2023-09-08,198,67,Product 67,Groceries,161.48,4,645.92,False
2023-07-04,264,93,Product 93,Beauty,387.48,2,774.96,False
2023-08-12,478,17,Product 17,Groceries,271.61,3,814.82,False
2023-08-12,17,79,Product 79,Clothing,293.95,3,881.85,False
2023-05-19,256,75,Product 75,Home,178.07,1,178.07,False
2023-09-17,223,86,Product 86,Clothing,422.09,1,422.09,False
2023-08-24,327,25,Product 25,Groceries,228.07,2,456.15,False
2023-05-17,315,33,Product 33,Groceries,38.62,4,154.47,False
2023-01-28,500,47,Product 47,Clothing,56.48,2,112.97,False
2023-07-15,392,62,Product 62,Beauty,152.53,2,305.05,False
2023-01-13,466,34,Product 34,Beauty,199.19,2,398.37,False
2023-12-11,216,84,Product 84,Electronics,119.27,1,119.27,False
2023-07-20,162,29,Product 29,Clothing,257.6,1,257.6,False
2023-10-06,411,10,Product 10,Beauty,250.55,3,751.65,False
2023-03-13,343,52,Product 52,Clothing,144.65,2,289.31,False
2023-01-15,79,58,Product 58,Beauty,317.63,4,1270.51,False
2023-12-25,226,95,Product 95,Home,388.56,2,777.12,False
2023-02-19,379,23,Product 23,Beauty,150.83,32,4826.67,True
2023-04-21,354,56,Product 56,Electronics,189.81,3,569.44,False
2023-01-10,49,66,Product 66,Home,186.68,3,560.03,False
2023-01-31,301,72,Product 72,Home,220.05,2,440.1,False
2023-05-12,342,40,Product 40,Electronics,415.76,1,415.76,False
2023-08-03,344,91,Product 91,Electronics,70.34,4,281.36,False
2023-06-19,380,9,Product 9,Clothing,99.3,2,198.59,False
2023-11-02,34,59,Product 59,Beauty,113.72,3,341.15,False
2023-10-11,5,95,Product 95,Home,298.08,4,1192.33,False
2023-12-10,315,97,Product 97,Groceries,479.65,1,479.65,False
2023-02-22,45,56,Product 56,Electronics,174.6,1,174.6,False
2023-02-01,6,45,Product 45,Clothing,78.62,3,235.87,False
2023-09-24,498,11,Product 11,Clothing,198.37,1,198.37,False
2023-08-26,225,76,Product 76,Electronics,158.95,4,635.81,False
2023-01-04,413,20,Product 20,Clothing,560.14,2,1120.27,False
2023-03-22,323,18,Product 18,Home,483.99,2,967.99,False
2023-04-14,40,52,Product 52,Clothing,155.39,2,310.79,False
2023-05-05,409,98,Product 98,Clothing,449.23,3,1347.69,False
2023-04-16,449,73,Product 73,Beauty,415.91,3,1247.72,False
2023-02-14,353,71,Product 71,Home,16.24,4,64.97,False
2023-02-25,424,4,Product 4,Home,67.6,3,202.81,False
2023-04-08,331,21,Product 21,Groceries,304.86,4,1219.46,False
2023-07-27,224,3,Product 3,Beauty,71.44,2,142.89,False
2023-12-28,385,87,Product 87,Groceries,45.75,3,137.25,False
2023-08-29,197,95,Product 95,Home,297.4,4,1189.62,False
2023-11-19,296,76,Product 76,Electronics,182.95,3,548.84,False
2023-06-01,158,50,Product 50,Home,62.93,3,188.79,False
2023-07-28,32,3,Product 3,Beauty,80.06,2,160.11,False
2023-01-08,358,51,Product 51,Home,413.45,3,1240.35,False
2023-05-31,152,32,Product 32,Clothing,521.78,4,2087.11,False
2023-02-25,135,24,Product 24,Groceries,269.59,4,1078.36,False
2023-01-08,5,21,Product 21,Groceries,295.03,4,1180.12,False
2023-02-19,198,76,Product 76,Electronics,221.46,3,664.37,False
2023-08-21,130,56,Product 56,Electronics,127.66,3,382.99,False
2023-11-03,62,54,Product 54,Clothing,20.82,4,83.27,False
2023-01-16,183,6,Product 6,Groceries,87.63,3,262.89,False
2023-12-16,114,93,Product 93,Beauty,473.57,2,947.15,False
2023-05-13,152,90,Product 90,Home,417.32,4,1669.27,False
2023-07-25,458,15,Product 15,Groceries,163.71,2,327.42,False
2023-12-17,251,92,Product 92,Home,94.11,4,376.43,False
2023-09-30,489,80,Product 80,Beauty,113.67,3,341.02,False
2023-01-13,195,6,Product 6,Groceries,82.78,2,165.56,False
2023-04-14,421,7,Product 7,Home,22.17,2,44.33,False
2023-02-05,404,73,Product 73,Beauty,395.24,3,1185.73,False
2023-11-29,225,33,Product 33,Groceries,31.14,1,31.14,False
2023-02-15,113,8,Product 8,Clothing,461.89,3,1385.66,False
2023-12-30,393,91,Product 91,Electronics,86.52,1,86.52,False
2023-04-25,289,1,Product 1,Groceries,565.33,2,1130.67,False
2023-05-05,431,49,Product 49,Home,342.29,1,342.29,False
2023-04-07,144,74,Product 74,Clothing,197.23,3,591.7,False
2023-02-28,362,67,Product 67,Groceries,209.32,2,418.64,False
2023-04-11,329,4,Product 4,Home,75.71,4,302.82,False
2023-07-24,229,76,Product 76,Electronics,195.58,3,586.75,False
2023-11-18,69,61,Product 61,Groceries,416.84,1,416.84,False
2023-03-08,35,51,Product 51,Home,429.96,1,429.96,False
2023-03-22,78,30,Product 30,Beauty,616.04,3,1848.13,False
2023-02-02,51,18,Product 18,Home,465.46,3,1396.38,False
2023-03-16,316,37,Product 37,Groceries,349.92,1,349.92,False
2023-04-01,105,54,Product 54,Clothing,27.88,3,83.65,False
2023-09-05,96,97,Product 97,Groceries,341.04,3,1023.13,False
2023-07-04,7,33,Product 33,Groceries,31.17,3,93.52,False
2023-03-11,211,65,Product 65,Groceries,547.04,4,2188.18,False
2023-12-24,447,44,Product 44,Home,49.72,3,149.17,False
2023-01-03,69,8,Product 8,Clothing,427.79,4,1711.15,False
2023-02-11,282,82,Product 82,Clothing,315.71,3,947.13,False
2023-08-22,479,77,Product 77,Electronics,100.11,1,100.11,False
2023-01-19,388,44,Product 44,Home,49.55,4,198.2,False
2023-11-09,62,52,Product 52,Clothing,121.79,1,121.79,False
2023-02-11,174,5,Product 5,Home,484.42,1,484.42,False
2023-05-22,380,49,Product 49,Home,323.6,4,1294.4,False
2023-01-06,147,60,Product 60,Home,422.31,3,1266.93,False
2023-01-10,491,62,Product 62,Beauty,186.95,2,373.9,False
2023-02-01,435,39,Product 39,Beauty,56.98,2,113.96,False
2023-01-13,106,40,Product 40,Electronics,395.55,3,1186.65,False
2023-09-07,449,41,Product 41,Groceries,120.09,4,480.37,False
2023-05-05,128,53,Product 53,Home,283.9,2,567.79,False
2023-01-12,127,99,Product 99,Home,196.38,2,392.75,False
2023-09-22,328,56,Product 56,Electronics,130.65,3,391.95,False
2023-02-04,159,98,Product 98,Clothing,495.9,2,991.8,False
2023-08-03,168,58,Product 58,Beauty,237.64,3,712.92,False
2023-06-04,158,26,Product 26,Home,490.44,4,1961.75,False
2023-12-22,265,11,Product 11,Clothing,269.76,3,809.27,False
2023-01-08,6,83,Product 83,Beauty,193.06,1,193.06,False
2023-01-10,219,59,Product 59,Beauty,123.18,3,369.53,False
2023-04-21,136,69,Product 69,Home,233.33,1,233.33,False
2023-09-10,22,2,Product 2,Home,325.12,1,325.12,False
2023-08-13,199,16,Product 16,Home,149.2,4,596.79,False
2023-11-16,73,84,Product 84,Electronics,123.31,2,246.62,False
2023-05-14,307,27,Product 27,Groceries,107.05,2,214.09,False
2023-02-05,469,2,Product 2,Home,423.92,4,1695.7,False
2023-03-10,143,17,Product 17,Groceries,363.18,3,1089.55,False
2023-10-20,107,74,Product 74,Clothing,136.6,1,136.6,False
2023-09-26,100,78,Product 78,Groceries,117.11,1,117.11,False
2023-09-01,274,92,Product 92,Home,77.51,1,77.51,False
2023-05-11,301,87,Product 87,Groceries,58.88,3,176.64,False
2023-04-08,17,87,Product 87,Groceries,64.03,2,128.07,False
2023-10-13,247,57,Product 57,Groceries,338.97,2,677.93,False
2023-06-18,82,62,Product 62,Beauty,159.1,1,159.1,False
2023-10-29,341,63,Product 63,Beauty,346.38,2,692.77,False
2023-09-19,430,62,Product 62,Beauty,117.01,3,351.03,False
2023-08-07,120,39,Product 39,Beauty,38.96,1,38.96,False
2023-04-25,482,56,Product 56,Electronics,199.05,4,796.22,False
2023-06-15,233,65,Product 65,Groceries,432.14,4,1728.55,False
2023-03-18,454,48,Product 48,Beauty,471.8,3,1415.39,False
2023-05-15,150,60,Product 60,Home,411.15,4,1644.59,False
2023-07-20,55,26,Product 26,Home,447.07,2,894.14,False
2023-08-22,81,3,Product 3,Beauty,67.04,2,134.09,False
2023-07-08,83,31,Product 31,Clothing,211.99,4,847.95,False
2023-04-14,15,33,Product 33,Groceries,40.38,2,80.77,False
2023-12-28,474,36,Product 36,Clothing,446.98,2,893.96,False
2023-01-27,295,36,Product 36,Clothing,563.05,1,563.05,False
2023-04-27,32,60,Product 60,Home,426.7,3,1280.1,False
2023-12-23,257,18,Product 18,Home,415.44,24,9970.6,True
2023-02-18,261,94,Product 94,Groceries,391.1,1,391.1,False
2023-08-12,193,14,Product 14,Clothing,26.16,3,78.48,False
2023-06-12,138,34,Product 34,Beauty,196.54,4,786.15,False
2023-03-18,258,21,Product 21,Groceries,329.78,1,329.78,False
2023-03-03,405,55,Product 55,Beauty,124.64,2,249.28,False
2023-12-17,405,57,Product 57,Groceries,419.09,4,1676.35,False
2023-12-06,217,81,Product 81,Electronics,146.35,4,585.41,False
2023-06-21,126,81,Product 81,Electronics,132.05,2,264.09,False
2023-11-23,353,56,Product 56,Electronics,149.14,3,447.42,False
2023-11-28,483,90,Product 90,Home,377.46,1,377.46,False
2023-11-25,347,71,Product 71,Home,11.51,2,23.03,False
2023-11-19,305,1,Product 1,Groceries,414.47,2,828.94,False
2023-08-05,430,23,Product 23,Beauty,95.08,2,190.16,False
2023-07-25,132,41,Product 41,Groceries,124.95,2,249.89,False
2023-05-28,401,72,Product 72,Home,233.13,4,932.52,False
2023-08-07,480,16,Product 16,Home,153.22,1,153.22,False
2023-05-28,35,98,Product 98,Clothing,467.98,1,467.98,False
2023-02-17,112,45,Product 45,Clothing,76.72,2,153.45,False
2023-01-28,466,51,Product 51,Home,386.75,1,386.75,False
2023-06-05,180,52,Product 52,Clothing,133.78,2,267.55,False
2023-01-28,349,14,Product 14,Clothing,37.56,2,75.12,False
2023-06-06,158,44,Product 44,Home,45.37,3,136.12,False
2023-01-07,210,28,Product 28,Groceries,168.05,1,168.05,False
2023-11-26,261,90,Product 90,Home,336.11,2,672.22,False
2023-06-20,449,43,Product 43,Home,435.36,1,435.36,False
2023-10-12,287,100,Product 100,Electronics,85.37,3,256.11,False
2023-11-09,318,79,Product 79,Clothing,303.36,2,606.72,False
2023-10-10,176,92,Product 92,Home,91.62,2,183.23,False
2023-12-15,321,4,Product 4,Home,61.89,4,247.57,False
2023-06-18,39,71,Product 71,Home,13.42,1,13.42,False
2023-04-12,452,83,Product 83,Beauty,201.01,1,201.01,False
2023-02-08,293,78,Product 78,Groceries,145.95,2,291.91,False
2023-01-07,448,39,Product 39,Beauty,49.69,4,198.77,False
2023-04-27,167,31,Product 31,Clothing,287.07,4,1148.28,False
2023-01-08,303,29,Product 29,Clothing,319.63,1,319.63,False
2023-01-25,375,40,Product 40,Electronics,391.28,1,391.28,False
2023-01-06,53,100,Product 100,Electronics,134.76,3,404.28,False
2023-08-20,477,49,Product 49,Home,252.15,1,252.15,False
2023-09-16,379,60,Product 60,Home,253.51,3,760.53,False
2023-09-01,327,90,Product 90,Home,330.56,1,330.56,False
2023-09-22,250,8,Product 8,Clothing,276.47,1,276.47,False
2023-11-20,299,69,Product 69,Home,185.69,2,371.38,False
2023-09-12,467,11,Product 11,Clothing,200.33,4,801.32,False
2023-01-29,188,77,Product 77,Electronics,152.31,2,304.61,False
2023-09-13,40,55,Product 55,Beauty,92.99,2,185.97,False
2023-04-04,499,2,Product 2,Home,499.39,4,1997.55,False
2023-05-25,276,93,Product 93,Beauty,502.56,1,502.56,False
2023-04-28,498,93,Product 93,Beauty,520.48,3,1561.44,False
2023-07-31,401,52,Product 52,Clothing,113.73,1,113.73,False
2023-11-12,429,82,Product 82,Clothing,240.99,4,963.97,False
2023-07-10,268,19,Product 19,Beauty,188.97,2,377.94,False
2023-06-25,343,38,Product 38,Electronics,154.75,1,154.75,False
2023-02-15,365,6,Product 6,Groceries,96.63,4,386.54,False
2023-08-12,449,1,Product 1,Groceries,414.12,1,414.12,False
2023-07-05,255,34,Product 34,Beauty,179.77,2,359.55,False
2023-08-22,415,61,Product 61,Groceries,415.89,3,1247.67,False
2023-02-05,283,21,Product 21,Groceries,342.72,3,1028.15,False
2023-01-27,297,77,Product 77,Electronics,143.88,1,143.88,False
2023-06-22,224,17,Product 17,Groceries,299.5,4,1197.98,False
2023-05-03,136,30,Product 30,Beauty,523.82,3,1571.47,False
2023-04-25,252,84,Product 84,Electronics,143.95,3,431.86,False
2023-12-26,135,43,Product 43,Home,366.88,2,733.76,False
2023-05-04,214,62,Product 62,Beauty,165.4,1,165.4,False
2023-12-05,292,47,Product 47,Clothing,60.26,3,180.77,False
2023-03-02,456,53,Product 53,Home,292.65,2,585.3,False
2023-08-23,97,99,Product 99,Home,155.11,1,155.11,False
2023-09-09,479,86,Product 86,Clothing,429.63,3,1288.88,False
2023-03-16,143,97,Product 97,Groceries,533.92,3,1601.75,False
2023-10-05,465,8,Product 8,Clothing,282.39,3,847.18,False
2023-08-24,23,84,Product 84,Electronics,110.56,4,442.23,False
2023-09-06,42,26,Product 26,Home,375.88,2,751.76,False
2023-07-02,117,62,Product 62,Beauty,134.49,4,537.95,False
2023-03-13,448,71,Product 71,Home,17.12,2,34.25,False
2023-04-09,67,72,Product 72,Home,255.88,4,1023.51,False
2023-05-09,8,13,Product 13,Home,335.63,3,1006.88,False
2023-06-16,361,46,Product 46,Electronics,344.47,2,688.94,False
2023-07-26,342,94,Product 94,Groceries,291.27,1,291.27,False
2023-05-29,228,58,Product 58,Beauty,291.24,1,291.24,False
2023-02-16,59,69,Product 69,Home,244.59,2,489.18,False
2023-04-08,456,55,Product 55,Beauty,130.82,2,261.65,False
2023-06-17,296,56,Product 56,Electronics,158.54,1,158.54,False
2023-01-17,282,35,Product 35,Clothing,320.23,3,960.68,False
2023-09-10,60,30,Product 30,Beauty,362.89,1,362.89,False
2023-11-27,397,22,Product 22,Clothing,148.53,4,594.11,False
2023-07-31,115,12,Product 12,Groceries,20.47,3,61.4,False
2023-11-05,300,58,Product 58,Beauty,236.16,1,236.16,False
2023-05-10,500,30,Product 30,Beauty,503.83,1,503.83,False
2023-03-08,208,34,Product 34,Beauty,262.33,1,262.33,False
2023-04-11,150,52,Product 52,Clothing,135.27,4,541.1,False
2023-10-25,91,56,Product 56,Electronics,148.83,3,446.5,False
2023-11-12,447,50,Product 50,Home,61.17,1,61.17,False
2023-08-01,144,44,Product 44,Home,36.0,1,36.0,False
2023-12-04,366,72,Product 72,Home,221.29,4,885.14,False
2023-01-06,219,56,Product 56,Electronics,191.92,1,191.92,False
2023-06-29,416,96,Product 96,Home,179.41,3,538.22,False
2023-06-01,333,53,Product 53,Home,264.78,3,794.35,False
2023-10-15,237,48,Product 48,Beauty,332.88,4,1331.51,False
2023-08-21,166,89,Product 89,Beauty,286.53,4,1146.13,False
2023-04-21,469,92,Product 92,Home,125.73,2,251.46,False
2023-06-19,387,1,Product 1,Groceries,454.56,2,909.12,False
2023-11-14,123,37,Product 37,Groceries,243.06,4,972.24,False
2023-04-12,324,40,Product 40,Electronics,45.67,4,182.68,True
2023-02-18,451,3,Product 3,Beauty,97.24,3,291.72,False
2023-04-17,233,92,Product 92,Home,127.51,3,382.52,False
2023-12-16,494,58,Product 58,Beauty,257.03,1,257.03,False
2023-08-01,299,59,Product 59,Beauty,94.7,4,378.81,False
2023-07-05,484,53,Product 53,Home,225.47,1,225.47,False
2023-05-17,212,60,Product 60,Home,398.08,2,796.16,False
2023-02-15,402,6,Product 6,Groceries,100.26,2,200.53,False
2023-11-23,493,84,Product 84,Electronics,108.2,2,216.41,False
2023-03-01,441,45,Product 45,Clothing,79.23,4,316.92,False
2023-07-06,53,60,Product 60,Home,334.62,2,669.23,False
2023-08-02,220,44,Product 44,Home,37.37,2,74.73,False
2023-05-31,258,90,Product 90,Home,477.93,2,955.85,False
2023-02-09,282,47,Product 47,Clothing,68.36,2,136.73,False
2023-07-31,210,27,Product 27,Groceries,91.91,4,367.62,False
2023-08-24,457,63,Product 63,Beauty,330.78,1,330.78,False
2023-04-30,348,41,Product 41,Groceries,177.46,1,177.46,False
2023-09-16,117,85,Product 85,Clothing,209.31,2,418.62,False
2023-09-28,448,37,Product 37,Groceries,241.56,4,966.22,False
2023-07-30,64,84,Product 84,Electronics,114.09,3,342.26,False
2023-01-04,42,75,Product 75,Home,170.48,4,681.92,False
2023-08-20,4,97,Product 97,Groceries,397.7,4,1590.81,False
2023-11-13,228,55,Product 55,Beauty,91.9,3,275.71,False
2023-09-29,411,47,Product 47,Clothing,42.37,2,84.74,False
2023-02-07,153,58,Product 58,Beauty,331.39,1,331.39,False
2023-11-28,242,57,Product 57,Groceries,432.55,3,1297.64,False
2023-02-16,368,77,Product 77,Electronics,155.38,3,466.15,False
2023-02-15,427,4,Product 4,Home,68.62,2,137.24,False
2023-04-23,415,62,Product 62,Beauty,181.9,4,727.6,False
2023-03-10,148,81,Product 81,Electronics,171.16,3,513.49,False
2023-08-28,54,49,Product 49,Home,236.98,4,947.93,False
2023-06-14,90,60,Product 60,Home,343.17,1,343.17,False
2023-09-07,369,91,Product 91,Electronics,68.76,4,275.05,False
2023-09-13,388,55,Product 55,Beauty,84.05,3,252.14,False
2023-06-03,82,3,Product 3,Beauty,84.34,3,253.03,False
2023-03-23,39,87,Product 87,Groceries,55.47,2,110.94,False
2023-10-24,400,85,Product 85,Clothing,208.96,4,835.84,False
2023-07-01,61,7,Product 7,Home,16.48,4,65.9,False
2023-04-28,343,36,Product 36,Clothing,573.59,1,573.59,False
2023-10-14,163,78,Product 78,Groceries,104.01,1,104.01,False
2023-09-15,231,76,Product 76,Electronics,164.43,2,328.86,False
2023-09-22,466,57,Product 57,Groceries,337.19,3,1011.57,False
2023-11-02,175,24,Product 24,Groceries,195.29,3,585.88,False
2023-11-25,210,25,Product 25,Groceries,225.41,2,450.81,False
2023-07-10,314,17,Product 17,Groceries,267.04,2,534.08,False
2023-03-09,438,81,Product 81,Electronics,154.33,1,154.33,False
2023-12-13,38,92,Product 92,Home,102.58,4,410.33,False
2023-07-09,203,40,Product 40,Electronics,327.34,2,654.67,False
2023-03-03,411,11,Product 11,Clothing,318.88,1,318.88,False
2023-07-24,396,34,Product 34,Beauty,190.42,1,190.42,False
2023-11-12,434,52,Product 52,Clothing,105.41,4,421.65,False
2023-05-07,490,21,Product 21,Groceries,317.38,3,952.14,False
2023-12-31,188,80,Product 80,Beauty,141.55,3,424.66,False
2023-11-30,3,72,Product 72,Home,184.19,2,368.38,False
2023-11-25,330,51,Product 51,Home,369.61,4,1478.43,False
2023-01-26,26,21,Product 21,Groceries,328.1,3,984.3,False
2023-02-19,113,78,Product 78,Groceries,165.19,4,660.77,False
2023-06-22,265,10,Product 10,Beauty,339.71,4,1358.86,False
2023-05-17,84,68,Product 68,Electronics,161.18,3,483.55,False
2023-02-26,51,41,Product 41,Groceries,176.21,4,704.83,False
2023-08-18,43,77,Product 77,Electronics,103.79,1,103.79,False
2023-01-21,421,98,Product 98,Clothing,499.45,3,1498.35,False
2023-02-13,2,86,Product 86,Clothing,574.22,2,1148.45,False
2023-06-17,231,44,Product 44,Home,49.41,3,148.24,False
2023-05-09,497,87,Product 87,Groceries,58.92,2,117.84,False
2023-01-24,275,53,Product 53,Home,292.86,2,585.72,False
2023-03-22,74,82,Product 82,Clothing,291.01,2,582.02,False
2023-07-21,166,82,Product 82,Clothing,240.77,2,481.53,False
2023-11-13,145,18,Product 18,Home,414.16,2,828.32,False
2023-03-09,51,55,Product 55,Beauty,120.82,4,483.29,False
2023-12-02,178,98,Product 98,Clothing,399.16,2,798.31,False
2023-12-01,287,36,Product 36,Clothing,449.7,3,1349.1,False
2023-11-29,108,82,Product 82,Clothing,211.56,1,211.56,False
2023-04-16,58,34,Product 34,Beauty,241.93,4,967.72,False
2023-11-09,330,7,Product 7,Home,17.92,4,71.67,False
2023-10-30,86,31,Product 31,Clothing,174.69,4,698.78,False
2023-05-22,372,3,Product 3,Beauty,90.36,2,180.72,False
2023-09-30,247,39,Product 39,Beauty,35.51,2,71.02,False
2023-11-28,444,13,Product 13,Home,267.8,2,535.59,False
2023-04-03,83,42,Product 42,Home,131.09,1,131.09,False
2023-09-17,243,73,Product 73,Beauty,281.43,2,562.85,False
2023-06-13,370,21,Product 21,Groceries,267.49,2,534.99,False
2023-01-19,213,84,Product 84,Electronics,148.42,3,445.26,False
2023-11-24,24,82,Product 82,Clothing,223.05,3,669.16,False
2023-04-20,354,100,Product 100,Electronics,129.68,4,518.71,False
2023-08-11,464,73,Product 73,Beauty,285.83,2,571.66,False
2023-09-19,390,24,Product 24,Groceries,189.52,1,189.52,False
2023-08-30,20,14,Product 14,Clothing,28.22,4,112.87,False
2023-11-21,333,55,Product 55,Beauty,103.01,4,412.04,False
2023-05-03,308,10,Product 10,Beauty,355.26,2,710.52,False
2023-03-10,233,99,Product 99,Home,220.2,4,880.8,False
2023-06-27,474,29,Product 29,Clothing,306.65,4,1226.61,False
2023-11-07,380,85,Product 85,Clothing,245.74,1,245.74,False
2023-01-16,242,96,Product 96,Home,199.98,4,799.92,False
2023-06-02,105,91,Product 91,Electronics,87.46,1,87.46,False
2023-08-21,233,31,Product 31,Clothing,174.55,4,698.22,False
2023-06-29,275,28,Product 28,Groceries,170.78,3,512.34,False
2023-09-05,309,100,Product 100,Electronics,92.85,3,278.54,False
2023-04-25,488,64,Product 64,Groceries,142.21,3,426.62,False
2023-06-26,496,75,Product 75,Home,168.54,3,505.63,False
2023-09-13,97,91,Product 91,Electronics,73.03,2,146.07,False
2023-03-17,93,27,Product 27,Groceries,121.6,3,364.8,False
2023-12-30,89,37,Product 37,Groceries,273.46,3,820.39,False
2023-10-27,89,34,Product 34,Beauty,181.67,4,726.68,False
2023-01-23,273,79,Product 79,Clothing,401.54,3,1204.61,False
2023-10-04,100,51,Product 51,Home,313.02,1,313.02,False
2023-10-11,439,97,Product 97,Groceries,373.09,4,1492.36,False
2023-07-02,330,85,Product 85,Clothing,225.74,2,451.47,False
2023-12-28,460,7,Product 7,Home,21.08,3,63.25,False
2023-05-12,123,46,Product 46,Electronics,318.49,3,955.47,False
2023-03-11,489,12,Product 12,Groceries,23.37,4,93.48,False
2023-09-18,151,30,Product 30,Beauty,373.81,2,747.62,False
2023-04-26,265,77,Product 77,Electronics,158.4,4,633.62,False
2023-02-11,212,88,Product 88,Home,156.84,1,156.84,False
2023-02-03,352,17,Product 17,Groceries,333.85,2,667.71,False
2023-02-17,393,2,Product 2,Home,440.0,3,1320.01,False
2023-06-28,429,78,Product 78,Groceries,128.14,1,128.14,False
2023-03-23,120,46,Product 46,Electronics,359.15,2,718.3,False
2023-09-07,333,47,Product 47,Clothing,49.38,2,98.76,False
2023-01-19,449,53,Product 53,Home,320.83,3,962.48,False
2023-07-16,350,78,Product 78,Groceries,110.4,2,220.8,False
2023-09-04,455,9,Product 9,Clothing,79.37,1,79.37,False
2023-06-28,189,80,Product 80,Beauty,141.89,1,141.89,False
2023-06-17,72,62,Product 62,Beauty,163.15,2,326.31,False
2023-04-20,87,80,Product 80,Beauty,184.31,4,737.24,False
2023-08-15,498,12,Product 12,Groceries,16.96,1,16.96,False
2023-12-02,35,66,Product 66,Home,163.19,2,326.37,False
2023-08-25,423,11,Product 11,Clothing,215.23,1,215.23,False
2023-04-30,229,16,Product 16,Home,245.98,2,491.97,False
2023-07-26,69,30,Product 30,Beauty,432.35,1,432.35,False
2023-03-26,499,42,Product 42,Home,122.35,1,122.35,False
2023-04-20,321,70,Product 70,Groceries,198.22,1,198.22,False
2023-03-17,327,64,Product 64,Groceries,136.94,4,547.74,False
2023-09-30,10,36,Product 36,Clothing,353.23,4,1412.94,False
2023-09-16,5,67,Product 67,Groceries,158.69,3,476.06,False
2023-03-13,323,36,Product 36,Clothing,536.95,3,1610.84,False
2023-10-23,277,63,Product 63,Beauty,369.12,2,738.25,False
2023-08-06,193,52,Product 52,Clothing,108.98,4,435.92,False
2023-04-02,100,80,Product 80,Beauty,158.32,2,316.64,False
2023-06-04,275,39,Product 39,Beauty,44.19,1,44.19,False
2023-09-09,369,59,Product 59,Beauty,89.61,1,89.61,False
2023-04-07,484,36,Product 36,Clothing,556.72,30,16701.61,True
2023-02-24,455,66,Product 66,Home,216.89,3,650.68,False
2023-03-31,387,99,Product 99,Home,200.99,1,200.99,False
2023-12-01,41,4,Product 4,Home,63.93,3,191.8,False
2023-05-07,13,82,Product 82,Clothing,262.92,3,788.76,False
2023-08-13,304,7,Product 7,Home,16.4,4,65.6,False
2023-09-22,411,80,Product 80,Beauty,123.79,2,247.58,False
2023-10-13,436,65,Product 65,Groceries,374.9,3,1124.7,False
2023-01-26,101,34,Product 34,Beauty,199.89,1,199.89,False
2023-06-07,388,99,Product 99,Home,175.1,3,525.3,False
2023-10-19,490,4,Product 4,Home,48.69,1,48.69,False
2023-07-02,421,66,Product 66,Home,166.26,1,166.26,False
2023-12-10,160,2,Product 2,Home,369.89,2,739.77,False
2023-03-03,352,88,Product 88,Home,144.73,1,144.73,False
2023-09-12,141,1,Product 1,Groceries,374.6,4,1498.42,False
2023-10-10,114,73,Product 73,Beauty,270.5,2,541.0,False
2023-12-02,265,70,Product 70,Groceries,187.97,4,751.9,False
2023-07-30,423,7,Product 7,Home,18.85,1,18.85,False
2023-06-21,18,74,Product 74,Clothing,179.87,2,359.73,False
2023-10-23,10,40,Product 40,Electronics,311.34,1,311.34,False
2023-01-30,197,57,Product 57,Groceries,546.3,4,2185.22,False
2023-01-28,38,24,Product 24,Groceries,232.86,2,465.73,False
2023-08-31,194,76,Product 76,Electronics,158.94,4,635.75,False
2023-07-28,432,33,Product 33,Groceries,30.86,4,123.45,False
2023-11-23,119,38,Product 38,Electronics,132.58,1,132.58,False
2023-12-07,322,39,Product 39,Beauty,42.18,4,168.74,False
2023-02-11,472,1,Product 1,Groceries,517.77,1,517.77,False
2023-07-16,349,32,Product 32,Clothing,396.2,2,792.4,False
2023-12-28,433,55,Product 55,Beauty,117.44,4,469.78,False
2023-08-13,55,71,Product 71,Home,11.59,4,46.38,False
2023-09-18,355,38,Product 38,Electronics,126.38,3,379.14,False
2023-04-17,299,98,Product 98,Clothing,469.59,1,469.59,False
2023-05-10,476,16,Product 16,Home,209.32,1,209.32,False
2023-07-09,58,21,Product 21,Groceries,246.04,1,246.04,False
2023-02-07,477,42,Product 42,Home,118.16,1,118.16,False
2023-08-01,13,7,Product 7,Home,15.4,4,61.6,False
2023-06-18,232,72,Product 72,Home,195.54,1,195.54,False
2023-12-12,369,6,Product 6,Groceries,76.2,3,228.59,False
2023-08-04,170,55,Product 55,Beauty,88.61,4,354.42,False
2023-10-05,82,25,Product 25,Groceries,229.17,3,687.51,False
2023-10-03,480,72,Product 72,Home,175.93,2,351.85,False
2023-03-15,269,53,Product 53,Home,297.85,3,893.56,False
2023-04-02,117,48,Product 48,Beauty,473.88,4,1895.51,False
2023-02-01,91,11,Product 11,Clothing,320.63,3,961.9,False
2023-04-03,278,23,Product 23,Beauty,151.06,3,453.18,False
2023-08-16,336,24,Product 24,Groceries,201.07,3,603.21,False
2023-07-22,300,21,Product 21,Groceries,272.23,4,1088.93,False
2023-06-06,403,10,Product 10,Beauty,308.48,3,925.45,False
2023-11-22,388,92,Product 92,Home,89.94,2,179.88,False
2023-06-11,192,91,Product 91,Electronics,86.71,4,346.84,False
2023-08-21,387,48,Product 48,Beauty,32.37,3,97.11,True
2023-09-26,262,76,Product 76,Electronics,157.29,1,157.29,False
2023-12-23,247,62,Product 62,Beauty,141.69,4,566.75,False
2023-08-28,61,68,Product 68,Electronics,122.75,2,245.49,False
2023-01-30,20,38,Product 38,Electronics,180.24,4,720.98,False
2023-03-30,193,33,Product 33,Groceries,35.07,2,70.15,False
2023-06-07,228,49,Product 49,Home,300.12,3,900.37,False
2023-10-26,4,19,Product 19,Beauty,197.25,3,591.74,False
2023-09-18,197,55,Product 55,Beauty,84.15,3,252.44,False
2023-09-03,341,98,Product 98,Clothing,313.32,3,939.96,False
2023-01-28,90,88,Product 88,Home,132.13,2,264.26,False
2023-06-29,297,92,Product 92,Home,109.57,4,438.26,False
2023-04-25,343,65,Product 65,Groceries,486.3,2,972.6,False
2023-01-04,279,96,Product 96,Home,217.67,4,870.67,False
2023-08-09,491,9,Product 9,Clothing,81.13,1,81.13,False
2023-12-07,47,38,Product 38,Electronics,140.49,3,421.46,False
2023-11-26,140,85,Product 85,Clothing,238.8,4,955.21,False
2023-12-17,179,31,Product 31,Clothing,219.18,4,876.73,False
2023-02-02,144,42,Product 42,Home,136.11,2,272.22,False
2023-10-06,117,42,Product 42,Home,97.6,3,292.81,False
2023-08-05,73,29,Product 29,Clothing,258.11,2,516.22,False
2023-10-25,355,98,Product 98,Clothing,340.07,1,340.07,False
2023-02-18,6,78,Product 78,Groceries,158.44,1,158.44,False
2023-06-03,438,69,Product 69,Home,224.93,2,449.87,False
2023-07-26,425,37,Product 37,Groceries,229.44,2,458.88,False
2023-01-22,474,69,Product 69,Home,261.32,1,261.32,False
2023-07-23,318,25,Product 25,Groceries,247.89,4,991.55,False
2023-01-24,86,8,Product 8,Clothing,438.17,4,1752.66,False
2023-02-16,152,3,Product 3,Beauty,93.0,3,279.01,False
2023-06-13,67,43,Product 43,Home,423.86,1,423.86,False
2023-07-11,341,85,Product 85,Clothing,241.61,2,483.22,False
2023-02-01,78,94,Product 94,Groceries,380.15,2,760.31,False
2023-10-16,467,11,Product 11,Clothing,208.58,4,834.32,False
2023-03-01,60,76,Product 76,Electronics,229.0,1,229.0,False
2023-07-04,92,57,Product 57,Groceries,397.13,2,794.26,False
2023-10-03,364,32,Product 32,Clothing,404.87,2,809.74,False
2023-11-16,331,81,Product 81,Electronics,136.32,4,545.29,False
2023-05-10,38,7,Product 7,Home,20.02,3,60.05,False
2023-01-01,447,93,Product 93,Beauty,437.76,2,875.53,False
2023-12-09,445,34,Product 34,Beauty,213.49,2,426.98,False
2023-01-08,475,44,Product 44,Home,48.18,2,96.37,False
2023-01-17,60,90,Product 90,Home,427.05,3,1281.16,False
2023-02-15,307,28,Product 28,Groceries,179.5,4,718.01,False
2023-03-23,267,73,Product 73,Beauty,418.21,2,836.43,False
2023-09-12,425,15,Product 15,Groceries,142.14,4,568.57,False
2023-07-16,236,52,Product 52,Clothing,109.35,1,109.35,False
2023-09-08,398,65,Product 65,Groceries,386.75,1,386.75,False
2023-01-25,2,18,Product 18,Home,482.09,2,964.17,False
2023-06-11,46,49,Product 49,Home,275.0,4,1100.01,False
2023-02-21,499,60,Product 60,Home,407.17,2,814.33,False
2023-03-17,424,54,Product 54,Clothing,25.69,1,25.69,False
2023-11-19,227,16,Product 16,Home,176.73,4,706.92,False
2023-04-17,99,12,Product 12,Groceries,22.83,3,68.48,False
2023-07-20,125,80,Product 80,Beauty,136.67,2,273.35,False
2023-04-11,199,23,Product 23,Beauty,142.27,4,569.06,False
2023-12-03,167,73,Product 73,Beauty,328.7,2,657.39,False
2023-12-02,95,34,Product 34,Beauty,206.38,4,825.54,False
2023-01-06,401,28,Product 28,Groceries,162.89,2,325.79,False
2023-10-05,238,5,Product 5,Home,379.49,4,1517.95,False
2023-10-07,116,73,Product 73,Beauty,299.82,2,599.65,False
2023-02-08,97,97,Product 97,Groceries,599.89,3,1799.67,False
2023-11-24,289,21,Product 21,Groceries,248.44,4,993.75,False
2023-02-08,32,78,Product 78,Groceries,144.19,4,576.75,False
2023-11-26,258,34,Product 34,Beauty,188.14,2,376.29,False
2023-04-18,376,77,Product 77,Electronics,163.9,2,327.8,False
2023-04-29,67,92,Product 92,Home,110.36,1,110.36,False
2023-07-08,312,81,Product 81,Electronics,135.74,2,271.48,False
2023-10-02,333,72,Product 72,Home,166.88,3,500.63,False
2023-06-26,90,48,Product 48,Beauty,386.72,1,386.72,False
2023-08-22,335,55,Product 55,Beauty,93.09,3,279.26,False
2023-12-11,317,41,Product 41,Groceries,141.53,4,566.11,False
2023-10-24,149,90,Product 90,Home,360.94,3,1082.82,False
2023-01-18,497,12,Product 12,Groceries,24.78,1,24.78,False
2023-02-20,411,38,Product 38,Electronics,174.78,1,174.78,False
2023-03-23,433,15,Product 15,Groceries,218.64,2,437.28,False
2023-11-19,385,3,Product 3,Beauty,71.28,2,142.55,False
2023-05-01,379,15,Product 15,Groceries,195.71,2,391.43,False
2023-07-17,117,13,Product 13,Home,269.02,3,807.06,False
2023-02-21,483,18,Product 18,Home,526.05,1,526.05,False
2023-10-29,424,70,Product 70,Groceries,141.14,1,141.14,False
2023-12-24,20,81,Product 81,Electronics,139.85,4,559.4,False
2023-10-25,316,46,Product 46,Electronics,239.31,2,478.61,False
2023-03-14,412,26,Product 26,Home,534.94,1,534.94,False
2023-06-25,387,93,Product 93,Beauty,466.54,3,1399.63,False
2023-08-07,401,66,Product 66,Home,144.57,3,433.72,False
2023-03-10,480,16,Product 16,Home,227.97,4,911.89,False
2023-05-16,395,17,Product 17,Groceries,354.94,1,354.94,False
2023-09-20,240,26,Product 26,Home,397.6,1,397.6,False
2023-12-20,395,27,Product 27,Groceries,90.85,4,363.39,False
2023-08-23,178,84,Product 84,Electronics,100.45,2,200.9,False
2023-05-06,379,43,Product 43,Home,415.15,1,415.15,False
2023-02-22,289,46,Product 46,Electronics,337.81,4,1351.25,False
2023-03-08,268,99,Product 99,Home,226.97,2,453.94,False
2023-11-16,171,73,Product 73,Beauty,325.57,4,1302.3,False
2023-06-15,234,92,Product 92,Home,94.96,2,189.92,False
2023-12-20,158,50,Product 50,Home,71.79,4,287.16,False
2023-03-20,285,77,Product 77,Electronics,151.01,4,604.03,False
2023-04-21,23,38,Product 38,Electronics,177.3,4,709.19,False
2023-01-29,498,48,Product 48,Beauty,364.01,1,364.01,False
2023-11-03,152,28,Product 28,Groceries,154.53,3,463.58,False
2023-11-08,179,46,Product 46,Electronics,305.93,1,305.93,False
2023-08-02,25,11,Product 11,Clothing,217.84,3,653.53,False
2023-09-22,467,66,Product 66,Home,142.66,3,427.99,False
2023-08-25,128,73,Product 73,Beauty,282.76,1,282.76,False
2023-04-21,403,60,Product 60,Home,373.36,1,373.36,False
2023-07-07,229,14,Product 14,Clothing,27.85,4,111.38,False
2023-02-16,360,29,Product 29,Clothing,323.72,4,1294.9,False
2023-08-20,389,46,Product 46,Electronics,247.27,3,741.8,False
2023-11-10,79,64,Product 64,Groceries,114.42,1,114.42,False
2023-11-07,187,87,Product 87,Groceries,44.99,3,134.98,False
2023-05-15,199,1,Product 1,Groceries,556.14,1,556.14,False
2023-07-10,432,19,Product 19,Beauty,208.93,1,208.93,False
2023-01-08,117,15,Product 15,Groceries,213.15,2,426.29,False
2023-04-02,211,92,Product 92,Home,119.0,2,237.99,False
2023-04-22,213,100,Product 100,Electronics,137.14,4,548.55,False
2023-02-14,76,84,Product 84,Electronics,152.47,4,609.86,False
2023-02-05,167,74,Product 74,Clothing,211.98,1,211.98,False
2023-05-21,226,47,Product 47,Clothing,67.14,3,201.43,False
2023-06-25,253,20,Product 20,Clothing,517.21,2,1034.41,False
2023-12-29,97,29,Product 29,Clothing,266.88,4,1067.52,False
2023-06-17,213,85,Product 85,Clothing,296.29,4,1185.15,False
2023-12-21,500,90,Product 90,Home,428.97,3,1286.91,False
2023-11-11,65,34,Product 34,Beauty,171.0,2,342.0,False
2023-03-02,70,68,Product 68,Electronics,175.99,1,175.99,False
2023-08-16,304,5,Product 5,Home,338.41,3,1015.24,False
2023-07-08,185,56,Product 56,Electronics,139.86,4,559.44,False
2023-05-03,140,84,Product 84,Electronics,153.71,1,153.71,False
2023-08-27,119,91,Product 91,Electronics,64.72,4,258.9,False
2023-07-18,37,53,Product 53,Home,243.14,1,243.14,False
2023-01-01,27,73,Product 73,Beauty,347.38,3,1042.15,False
2023-05-12,482,48,Product 48,Beauty,371.06,1,371.06,False
2023-12-24,332,59,Product 59,Beauty,115.89,3,347.68,False
2023-02-04,302,61,Product 61,Groceries,506.01,2,1012.01,False
2023-05-12,262,23,Product 23,Beauty,127.97,4,511.89,False
2023-04-15,434,64,Product 64,Groceries,138.46,2,276.92,False
2023-04-04,381,8,Product 8,Clothing,403.22,2,806.45,False
2023-05-05,41,85,Product 85,Clothing,291.82,1,291.82,False
2023-12-24,139,85,Product 85,Clothing,285.36,2,570.72,False
2023-01-29,299,79,Product 79,Clothing,433.43,4,1733.73,False
2023-10-08,436,11,Product 11,Clothing,236.25,4,945.01,False
2023-01-17,97,78,Product 78,Groceries,133.43,1,133.43,False
2023-10-29,9,78,Product 78,Groceries,105.38,2,210.76,False
2023-11-10,62,58,Product 58,Beauty,241.5,3,724.49,False
2023-03-06,55,80,Product 80,Beauty,194.08,4,776.31,False
2023-03-31,38,78,Product 78,Groceries,149.76,2,299.53,False
2023-01-15,70,12,Product 12,Groceries,21.24,4,84.94,False
2023-04-26,313,29,Product 29,Clothing,360.72,3,1082.16,False
2023-07-25,487,89,Product 89,Beauty,290.48,3,871.45,False
2023-10-07,262,54,Product 54,Clothing,19.59,3,58.78,False
2023-07-08,363,57,Product 57,Groceries,387.92,2,775.83,False
2023-04-15,91,40,Product 40,Electronics,496.43,3,1489.29,False
2023-03-16,411,78,Product 78,Groceries,171.3,3,513.91,False
2023-07-12,407,2,Product 2,Home,386.93,1,386.93,False
2023-12-16,413,96,Product 96,Home,164.99,2,329.98,False
2023-05-30,131,63,Product 63,Beauty,466.18,1,466.18,False
2023-07-03,337,28,Product 28,Groceries,134.46,4,537.83,False
2023-09-30,132,86,Product 86,Clothing,374.33,3,1122.98,False
2023-12-30,456,5,Product 5,Home,476.48,1,476.48,False
2023-05-25,232,29,Product 29,Clothing,294.29,4,1177.18,False
2023-05-31,470,48,Product 48,Beauty,398.58,3,1195.74,False
2023-04-29,123,23,Product 23,Beauty,156.35,2,312.7,False
2023-06-30,276,73,Product 73,Beauty,324.43,2,648.87,False
2023-02-14,137,47,Product 47,Clothing,63.01,3,189.03,False
2023-04-06,70,98,Product 98,Clothing,449.5,3,1348.51,False
2023-11-30,436,90,Product 90,Home,372.13,3,1116.38,False
2023-12-17,215,84,Product 84,Electronics,136.75,1,136.75,False
2023-10-20,357,29,Product 29,Clothing,236.92,3,710.77,False
2023-05-28,424,6,Product 6,Groceries,93.05,2,186.1,False
2023-01-02,160,65,Product 65,Groceries,539.93,4,2159.73,False
2023-10-04,49,9,Product 9,Clothing,87.83,1,87.83,False
2023-02-22,186,35,Product 35,Clothing,335.01,1,335.01,False
2023-11-11,213,30,Product 30,Beauty,393.65,1,393.65,False
2023-12-30,150,12,Product 12,Groceries,21.31,3,63.93,False
2023-06-09,60,46,Product 46,Electronics,287.96,3,863.88,False
2023-09-23,65,5,Product 5,Home,346.06,3,1038.19,False
2023-07-11,321,38,Product 38,Electronics,138.77,2,277.53,False
2023-04-02,343,5,Product 5,Home,474.51,3,1423.52,False
2023-03-01,372,79,Product 79,Clothing,439.98,1,439.98,False
2023-05-17,48,12,Product 12,Groceries,22.56,1,22.56,False
2023-11-23,26,20,Product 20,Clothing,443.5,2,887.01,False
2023-09-14,61,2,Product 2,Home,297.39,3,892.18,False
2023-07-20,283,37,Product 37,Groceries,268.83,3,806.48,False
2023-11-21,20,86,Product 86,Clothing,418.49,1,418.49,False
2023-04-16,266,40,Product 40,Electronics,485.17,4,1940.67,False
2023-01-14,331,11,Product 11,Clothing,322.35,1,322.35,False
2023-08-07,407,73,Product 73,Beauty,276.59,2,553.18,False
2023-09-12,55,87,Product 87,Groceries,39.69,2,79.38,False
2023-08-18,312,39,Product 39,Beauty,37.67,1,37.67,False
2023-06-16,380,71,Product 71,Home,14.33,3,43.0,False
2023-07-26,32,87,Product 87,Groceries,44.0,3,132.0,False
2023-11-01,455,59,Product 59,Beauty,105.32,2,210.63,False
2023-03-20,170,88,Product 88,Home,155.77,3,467.3,False
2023-11-01,298,22,Product 22,Clothing,142.87,3,428.61,False
2023-03-23,27,16,Product 16,Home,213.37,3,640.1,False
2023-05-24,398,97,Product 97,Groceries,555.49,1,555.49,False
2023-08-14,229,20,Product 20,Clothing,419.72,1,419.72,False
2023-07-06,147,66,Product 66,Home,151.13,1,151.13,False
2023-06-30,489,47,Product 47,Clothing,52.1,2,104.21,False
2023-04-25,75,94,Product 94,Groceries,368.54,1,368.54,False
2023-01-28,461,77,Product 77,Electronics,136.62,1,136.62,False
2023-08-19,498,26,Product 26,Home,389.99,4,1559.97,False
2023-08-26,159,83,Product 83,Beauty,159.33,3,478.0,False
2023-11-24,2,66,Product 66,Home,163.4,3,490.19,False
2023-02-03,130,81,Product 81,Electronics,156.17,3,468.52,False
2023-03-07,356,12,Product 12,Groceries,25.72,3,77.17,False
2023-11-26,471,34,Product 34,Beauty,197.7,2,395.4,False
2023-07-30,9,69,Product 69,Home,199.03,3,597.09,False
2023-06-26,202,17,Product 17,Groceries,275.07,3,825.22,False
2023-11-13,487,5,Product 5,Home,410.82,1,410.82,False
2023-09-15,425,93,Product 93,Beauty,338.3,3,1014.89,False
2023-09-21,44,57,Product 57,Groceries,355.83,2,711.66,False
2023-03-23,6,97,Product 97,Groceries,516.73,2,1033.46,False
2023-09-25,288,54,Product 54,Clothing,19.01,2,38.03,False
2023-05-31,76,80,Product 80,Beauty,152.39,2,304.78,False
2023-11-25,261,55,Product 55,Beauty,98.38,4,393.54,False
2023-10-15,390,61,Product 61,Groceries,387.68,1,387.68,False
2023-05-19,229,11,Product 11,Clothing,322.14,3,966.41,False
2023-09-04,169,99,Product 99,Home,142.41,2,284.82,False
2023-11-13,210,54,Product 54,Clothing,21.34,3,64.01,False
2023-01-28,498,19,Product 19,Beauty,267.36,1,267.36,False
2023-07-23,271,64,Product 64,Groceries,106.1,4,424.39,False
2023-11-25,364,60,Product 60,Home,335.61,4,1342.46,False
2023-09-20,197,68,Product 68,Electronics,103.68,3,311.04,False
2023-03-20,261,25,Product 25,Groceries,274.73,4,1098.9,False
2023-01-09,472,69,Product 69,Home,222.3,2,444.6,False
2023-11-23,355,44,Product 44,Home,43.45,1,43.45,False
2023-06-05,338,5,Product 5,Home,428.1,1,428.1,False
2023-02-03,34,78,Product 78,Groceries,168.75,2,337.51,False
2023-11-09,197,24,Product 24,Groceries,201.21,1,201.21,False
2023-07-23,458,62,Product 62,Beauty,146.67,3,440.02,False
2023-10-02,377,29,Product 29,Clothing,233.8,1,233.8,False
2023-05-22,470,86,Product 86,Clothing,557.84,1,557.84,False
2023-01-15,53,50,Product 50,Home,68.24,3,204.71,False
2023-04-03,220,60,Product 60,Home,441.15,4,1764.62,False
2023-06-21,178,95,Product 95,Home,356.34,4,1425.38,False
2023-02-11,243,30,Product 30,Beauty,623.87,1,623.87,False
2023-03-27,298,39,Product 39,Beauty,55.54,2,111.08,False
2023-04-25,258,51,Product 51,Home,447.62,4,1790.48,False
2023-08-04,72,46,Product 46,Electronics,260.75,2,521.5,False
2023-02-14,481,71,Product 71,Home,16.79,2,33.59,False
2023-02-03,298,65,Product 65,Groceries,474.76,3,1424.27,False
2023-12-23,153,71,Product 71,Home,14.17,1,14.17,False
2023-08-04,188,50,Product 50,Home,52.0,1,52.0,False
2023-04-22,492,94,Product 94,Groceries,418.74,4,1674.97,False
2023-12-03,33,6,Product 6,Groceries,79.36,3,238.07,False
2023-01-03,477,88,Product 88,Home,144.91,1,144.91,False
2023-10-27,76,35,Product 35,Clothing,233.19,3,699.57,False
2023-06-01,138,76,Product 76,Electronics,190.47,3,571.41,False
2023-09-29,16,100,Product 100,Electronics,94.58,2,189.16,False
2023-05-06,463,13,Product 13,Home,326.07,1,326.07,False
2023-11-30,139,39,Product 39,Beauty,40.4,3,121.2,False
2023-07-25,100,20,Product 20,Clothing,454.85,1,454.85,False
2023-02-03,104,5,Product 5,Home,553.52,1,553.52,False
2023-11-21,75,44,Product 44,Home,44.3,3,132.89,False
2023-04-18,397,91,Product 91,Electronics,103.58,4,414.33,False
2023-10-20,182,91,Product 91,Electronics,70.15,3,210.46,False
2023-10-13,213,23,Product 23,Beauty,101.03,2,202.07,False
2023-07-09,443,20,Product 20,Clothing,433.43,2,866.87,False
2023-03-21,88,35,Product 35,Clothing,327.57,1,327.57,False
2023-12-15,113,22,Product 22,Clothing,158.67,4,634.68,False
2023-02-10,448,79,Product 79,Clothing,439.56,2,879.12,False
2023-05-08,186,4,Product 4,Home,66.82,4,267.27,False
2023-04-05,480,9,Product 9,Clothing,125.94,2,251.87,False
2023-01-13,475,37,Product 37,Groceries,321.23,1,321.23,False
2023-10-21,410,81,Product 81,Electronics,125.33,3,376.0,False
2023-05-20,97,63,Product 63,Beauty,510.82,1,510.82,False
2023-01-20,121,40,Product 40,Electronics,390.19,49,19119.22,True
2023-09-30,166,46,Product 46,Electronics,265.26,2,530.52,False
2023-12-11,97,58,Product 58,Beauty,294.85,4,1179.39,False
2023-09-15,459,88,Product 88,Home,109.8,1,109.8,False
2023-08-07,173,47,Product 47,Clothing,44.52,2,89.04,False
2023-08-06,13,80,Product 80,Beauty,132.5,1,132.5,False
2023-07-21,468,89,Product 89,Beauty,291.6,2,583.2,False
2023-09-01,298,10,Product 10,Beauty,236.35,1,236.35,False
2023-03-23,463,37,Product 37,Groceries,344.37,1,344.37,False
2023-12-20,247,7,Product 7,Home,18.99,1,18.99,False
2023-06-12,437,90,Product 90,Home,413.51,1,413.51,False
2023-03-28,274,45,Product 45,Clothing,83.52,4,334.08,False
2023-03-24,371,78,Product 78,Groceries,168.91,1,168.91,False
2023-12-26,335,72,Product 72,Home,220.65,4,882.59,False
2023-06-05,278,79,Product 79,Clothing,327.06,3,981.17,False
2023-11-01,358,31,Product 31,Clothing,198.27,3,594.82,False
2023-05-07,78,35,Product 35,Clothing,303.3,2,606.6,False
2023-09-01,19,57,Product 57,Groceries,397.69,1,397.69,False
2023-08-26,448,77,Product 77,Electronics,111.41,1,111.41,False
2023-09-13,144,63,Product 63,Beauty,354.77,1,354.77,False
2023-03-18,60,23,Product 23,Beauty,159.06,4,636.22,False
2023-04-10,500,11,Product 11,Clothing,310.6,2,621.19,False
2023-04-23,160,61,Product 61,Groceries,507.85,1,507.85,False
2023-06-13,251,55,Product 55,Beauty,114.17,1,114.17,False
2023-09-28,323,21,Product 21,Groceries,210.72,1,210.72,False
2023-03-31,2,91,Product 91,Electronics,97.7,3,293.11,False
2023-08-29,122,64,Product 64,Groceries,97.85,1,97.85,False
2023-10-16,103,86,Product 86,Clothing,385.18,1,385.18,False
2023-02-14,120,39,Product 39,Beauty,57.77,4,231.09,False
2023-03-17,181,9,Product 9,Clothing,128.33,1,128.33,False
2023-09-19,132,58,Product 58,Beauty,201.63,1,201.63,False
2023-06-30,186,78,Product 78,Groceries,138.02,3,414.05,False
2023-07-10,360,7,Product 7,Home,16.56,2,33.12,False
2023-06-27,110,10,Product 10,Beauty,325.08,2,650.15,False
2023-08-28,248,92,Product 92,Home,79.82,4,319.27,False
2023-07-18,433,34,Product 34,Beauty,162.4,2,324.81,False
2023-03-31,435,24,Product 24,Groceries,280.21,4,1120.86,False
2023-12-16,215,65,Product 65,Groceries,447.54,3,1342.61,False
2023-12-18,55,58,Product 58,Beauty,251.42,3,754.25,False
2023-08-16,212,24,Product 24,Groceries,193.15,1,193.15,False
2023-04-25,282,41,Product 41,Groceries,187.38,1,187.38,False
2023-05-16,181,27,Product 27,Groceries,119.21,4,476.84,False
2023-06-11,340,31,Product 31,Clothing,232.74,2,465.48,False
2023-03-12,162,17,Product 17,Groceries,334.53,1,334.53,False
2023-09-19,471,99,Product 99,Home,146.66,4,586.63,False
2023-05-21,163,61,Product 61,Groceries,540.49,2,1080.99,False
2023-03-15,500,95,Product 95,Home,420.24,4,1680.97,False
2023-11-10,331,42,Product 42,Home,92.16,2,184.31,False
2023-03-11,352,81,Product 81,Electronics,153.01,4,612.05,False
2023-05-03,357,34,Product 34,Beauty,200.47,2,400.93,False
2023-06-13,162,22,Product 22,Clothing,146.19,2,292.38,False
2023-12-16,237,10,Product 10,Beauty,287.23,3,861.7,False
2023-11-18,87,80,Product 80,Beauty,121.41,1,121.41,False
2023-06-04,372,6,Product 6,Groceries,86.8,4,347.2,False
2023-01-21,445,93,Product 93,Beauty,517.76,1,517.76,False
2023-02-14,364,41,Product 41,Groceries,187.22,2,374.45,False
2023-07-13,278,39,Product 39,Beauty,37.9,1,37.9,False
2023-04-17,22,92,Product 92,Home,115.85,3,347.56,False
2023-06-08,325,68,Product 68,Electronics,155.78,2,311.57,False
2023-08-24,193,94,Product 94,Groceries,262.94,3,788.81,False
2023-08-09,61,57,Product 57,Groceries,367.23,2,734.46,False
2023-11-22,238,53,Product 53,Home,222.82,2,445.65,False
2023-09-14,308,46,Product 46,Electronics,260.72,3,782.15,False
2023-05-08,69,15,Product 15,Groceries,215.95,3,647.84,False
2023-03-29,100,4,Product 4,Home,70.95,3,212.84,False
2023-05-10,216,31,Product 31,Clothing,244.19,1,244.19,False
2023-03-11,212,32,Product 32,Clothing,488.95,2,977.9,False
2023-08-09,294,81,Product 81,Electronics,118.67,2,237.34,False
2023-08-06,480,87,Product 87,Groceries,37.82,2,75.63,False
2023-12-31,46,10,Product 10,Beauty,309.54,4,1238.16,False
2023-02-26,275,24,Product 24,Groceries,287.61,1,287.61,False
2023-12-16,35,79,Product 79,Clothing,373.83,4,1495.33,False
2023-08-10,124,36,Product 36,Clothing,367.93,1,367.93,False
2023-09-21,415,14,Product 14,Clothing,27.61,3,82.83,False
2023-02-08,434,69,Product 69,Home,246.22,2,492.43,False
2023-10-27,85,34,Product 34,Beauty,174.97,3,524.92,False
2023-10-13,81,94,Product 94,Groceries,293.39,3,880.18,False
2023-03-22,180,16,Product 16,Home,238.96,3,716.89,False
2023-06-24,164,65,Product 65,Groceries,415.17,1,415.17,False
2023-11-05,102,31,Product 31,Clothing,191.43,3,574.28,False
2023-02-07,23,64,Product 64,Groceries,128.7,3,386.11,False
2023-09-08,429,35,Product 35,Clothing,225.58,3,676.75,False
2023-07-15,276,56,Product 56,Electronics,150.24,3,450.71,False
2023-10-17,229,11,Product 11,Clothing,207.28,4,829.14,False
2023-06-11,290,12,Product 12,Groceries,19.19,3,57.58,False
2023-06-01,433,44,Product 44,Home,42.94,3,128.83,False
2023-12-11,447,3,Product 3,Beauty,87.68,4,350.72,False
2023-11-26,251,89,Product 89,Beauty,300.49,3,901.48,False
2023-06-29,22,5,Product 5,Home,475.42,3,1426.27,False
2023-08-19,285,69,Product 69,Home,194.7,1,194.7,False
2023-07-14,291,5,Product 5,Home,364.95,2,729.9,False
2023-11-28,35,52,Product 52,Clothing,105.0,2,210.01,False
2023-07-17,401,96,Product 96,Home,147.77,2,295.54,False
2023-02-20,262,20,Product 20,Clothing,522.78,2,1045.57,False
2023-10-15,16,86,Product 86,Clothing,383.36,4,1533.43,False
2023-10-22,22,89,Product 89,Beauty,242.75,2,485.49,False
2023-02-11,376,7,Product 7,Home,24.46,2,48.92,False
2023-10-18,241,93,Product 93,Beauty,386.68,1,386.68,False
2023-07-01,195,44,Product 44,Home,41.47,4,165.87,False
2023-10-17,196,8,Product 8,Clothing,314.89,4,1259.57,False
2023-04-19,446,97,Product 97,Groceries,521.91,2,1043.81,False
2023-06-02,32,40,Product 40,Electronics,418.66,3,1255.97,False
2023-01-14,326,99,Product 99,Home,190.41,2,380.82,False
2023-09-19,288,34,Product 34,Beauty,144.47,3,433.41,False
2023-08-19,377,65,Product 65,Groceries,352.92,2,705.83,False
2023-07-25,256,58,Product 58,Beauty,258.24,1,258.24,False
2023-04-16,360,56,Product 56,Electronics,206.56,1,206.56,False
2023-09-02,89,39,Product 39,Beauty,37.07,4,148.28,False
2023-07-24,351,32,Product 32,Clothing,378.29,3,1134.86,False
2023-09-23,436,94,Product 94,Groceries,287.2,1,287.2,False
2023-02-22,387,90,Product 90,Home,469.12,4,1876.48,False
2023-02-08,457,32,Product 32,Clothing,481.99,2,963.97,False
2023-06-05,445,92,Product 92,Home,108.18,3,324.54,False
2023-07-11,157,96,Product 96,Home,163.38,1,163.38,False
2023-06-27,415,15,Product 15,Groceries,196.68,2,393.36,False
2023-08-27,232,4,Product 4,Home,51.82,4,207.28,False
2023-08-08,67,29,Product 29,Clothing,229.05,4,916.21,False
2023-12-18,277,60,Product 60,Home,330.31,1,330.31,False
2023-09-05,322,84,Product 84,Electronics,112.09,1,112.09,False
2023-07-31,452,15,Product 15,Groceries,174.56,4,698.25,False
2023-07-01,86,66,Product 66,Home,143.06,2,286.13,False
2023-05-22,172,62,Product 62,Beauty,163.58,1,163.58,False
2023-12-08,180,19,Product 19,Beauty,242.38,4,969.53,False
2023-05-03,220,75,Product 75,Home,176.73,1,176.73,False
2023-03-07,238,86,Product 86,Clothing,591.88,1,591.88,False
2023-07-01,385,25,Product 25,Groceries,230.37,3,691.12,False
2023-04-12,135,73,Product 73,Beauty,377.9,3,1133.7,False
2023-07-12,448,51,Product 51,Home,322.99,4,1291.94,False
2023-03-07,42,28,Product 28,Groceries,203.02,2,406.03,False
2023-04-25,333,23,Product 23,Beauty,154.2,3,462.59,False
2023-05-28,193,19,Product 19,Beauty,278.09,4,1112.38,False
2023-04-24,391,41,Product 41,Groceries,196.09,2,392.17,False
2023-08-21,200,85,Product 85,Clothing,221.12,3,663.37,False
2023-06-04,111,87,Product 87,Groceries,47.59,4,190.35,False
2023-07-08,91,22,Product 22,Clothing,134.8,3,404.41,False
2023-08-29,302,87,Product 87,Groceries,41.99,3,125.97,False
2023-08-03,31,59,Product 59,Beauty,102.48,4,409.92,False
2023-11-16,171,2,Product 2,Home,339.88,1,339.88,False
2023-06-14,336,38,Product 38,Electronics,161.94,2,323.89,False
2023-11-19,284,35,Product 35,Clothing,258.04,3,774.12,False
2023-02-19,466,42,Product 42,Home,128.26,1,128.26,False
2023-12-22,258,87,Product 87,Groceries,48.4,3,145.2,False
2023-11-11,381,37,Product 37,Groceries,266.43,4,1065.73,False
2023-12-03,209,35,Product 35,Clothing,274.44,2,548.87,False
2023-01-30,305,71,Product 71,Home,15.8,2,31.61,False
2023-06-20,221,42,Product 42,Home,113.21,4,452.82,False
2023-10-13,85,88,Product 88,Home,96.42,1,96.42,False
2023-05-28,121,97,Product 97,Groceries,552.78,3,1658.34,False
2023-05-30,485,5,Product 5,Home,487.81,1,487.81,False
2023-09-02,428,87,Product 87,Groceries,39.25,1,39.25,False
2023-12-17,412,38,Product 38,Electronics,168.79,2,337.59,False
2023-12-22,424,61,Product 61,Groceries,441.8,1,441.8,False
2023-07-10,468,72,Product 72,Home,178.42,2,356.85,False
2023-12-07,302,82,Product 82,Clothing,246.06,4,984.25,False
2023-06-23,446,61,Product 61,Groceries,473.46,2,946.91,False
2023-05-07,160,86,Product 86,Clothing,569.66,1,569.66,False
2023-10-08,258,78,Product 78,Groceries,119.51,4,478.06,False
2023-11-13,183,12,Product 12,Groceries,18.8,2,37.6,False
2023-10-19,207,69,Product 69,Home,167.99,4,671.96,False
2023-08-25,466,26,Product 26,Home,375.13,2,750.26,False
2023-12-24,232,5,Product 5,Home,470.11,3,1410.34,False
2023-04-17,433,86,Product 86,Clothing,603.79,4,2415.17,False
2023-11-13,10,10,Product 10,Beauty,297.72,2,595.44,False
2023-03-28,380,80,Product 80,Beauty,167.81,2,335.63,False
2023-10-18,155,84,Product 84,Electronics,110.32,3,330.96,False
2023-03-12,242,27,Product 27,Groceries,118.43,3,355.28,False
2023-12-16,118,87,Product 87,Groceries,47.53,4,190.13,False
2023-04-13,86,17,Product 17,Groceries,326.29,2,652.58,False
2023-04-18,40,94,Product 94,Groceries,416.67,2,833.35,False
2023-08-20,140,15,Product 15,Groceries,144.76,1,144.76,False
2023-08-29,238,91,Product 91,Electronics,62.62,4,250.49,False
2023-08-20,392,92,Product 92,Home,86.08,3,258.24,False
2023-06-02,464,49,Product 49,Home,296.29,4,1185.14,False
2023-06-14,89,11,Product 11,Clothing,293.49,1,293.49,False
2023-07-23,432,32,Product 32,Clothing,424.92,1,424.92,False
2023-11-22,359,25,Product 25,Groceries,241.54,1,241.54,False
2023-10-31,2,43,Product 43,Home,309.77,1,309.77,False
2023-03-02,164,61,Product 61,Groceries,529.39,1,529.39,False
2023-06-26,191,67,Product 67,Groceries,186.94,4,747.77,False
2023-05-28,205,95,Product 95,Home,405.46,3,1216.39,False
2023-10-28,390,48,Product 48,Beauty,330.09,2,660.18,False
2023-02-13,419,28,Product 28,Groceries,204.87,1,204.87,False
2023-11-01,324,13,Product 13,Home,266.41,1,266.41,False
2023-05-06,356,87,Product 87,Groceries,58.65,4,234.61,False
2023-03-24,237,81,Product 81,Electronics,180.55,2,361.1,False
2023-12-23,54,15,Product 15,Groceries,192.93,3,578.8,False
2023-03-26,12,13,Product 13,Home,368.15,1,368.15,False
2023-06-26,277,46,Product 46,Electronics,341.74,4,1366.98,False
2023-04-03,373,88,Product 88,Home,141.23,3,423.7,False
2023-10-11,272,60,Product 60,Home,288.53,2,577.06,False
2023-12-13,68,99,Product 99,Home,163.33,3,489.98,False
2023-04-20,59,8,Product 8,Clothing,437.98,4,1751.93,False
2023-08-11,171,15,Product 15,Groceries,170.73,2,341.46,False
2023-07-04,287,82,Product 82,Clothing,221.01,3,663.03,False
2023-07-16,122,53,Product 53,Home,246.24,4,984.97,False
2023-04-05,137,69,Product 69,Home,246.5,2,493.01,False
2023-02-05,251,3,Product 3,Beauty,94.69,1,94.69,False
2023-03-26,114,69,Product 69,Home,280.93,3,842.8,False
2023-02-22,397,3,Product 3,Beauty,95.89,1,95.89,False
2023-03-12,342,40,Product 40,Electronics,509.63,3,1528.89,False
2023-10-04,230,20,Product 20,Clothing,393.97,2,787.94,False
2023-10-19,341,3,Product 3,Beauty,73.67,2,147.35,False
2023-11-17,10,25,Product 25,Groceries,219.37,2,438.74,False
2023-04-19,215,100,Product 100,Electronics,135.97,1,135.97,False
2023-03-12,441,94,Product 94,Groceries,438.5,4,1754.0,False
2023-07-29,259,29,Product 29,Clothing,239.32,2,478.64,False
2023-07-15,220,36,Product 36,Clothing,413.34,4,1653.36,False
2023-03-24,321,79,Product 79,Clothing,430.93,1,430.93,False
2023-08-10,281,40,Product 40,Electronics,293.94,2,587.89,False
2023-04-24,179,29,Product 29,Clothing,370.23,3,1110.69,False
2023-03-04,389,99,Product 99,Home,218.25,2,436.51,False
2023-11-16,345,77,Product 77,Electronics,128.98,1,128.98,False
2023-07-04,60,86,Product 86,Clothing,436.28,1,436.28,False
2023-10-19,377,8,Product 8,Clothing,295.61,3,886.82,False
2023-01-05,467,11,Product 11,Clothing,277.06,1,277.06,False
2023-07-07,229,7,Product 7,Home,18.9,3,56.7,False
2023-04-29,484,22,Product 22,Clothing,202.11,2,404.22,False
2023-07-21,94,86,Product 86,Clothing,437.03,4,1748.1,False
2023-11-25,383,73,Product 73,Beauty,299.64,2,599.27,False
2023-10-20,62,69,Product 69,Home,192.65,4,770.59,False
2023-11-24,378,31,Product 31,Clothing,220.71,1,220.71,False
2023-05-15,417,72,Product 72,Home,243.73,2,487.46,False
2023-07-26,12,19,Product 19,Beauty,218.04,3,654.12,False
2023-12-17,51,89,Product 89,Beauty,291.85,1,291.85,False
2023-03-21,74,69,Product 69,Home,250.55,3,751.66,False
2023-11-17,425,53,Product 53,Home,249.71,2,499.43,False
2023-08-22,300,72,Product 72,Home,169.84,2,339.68,False
2023-12-21,309,27,Product 27,Groceries,105.28,2,210.56,False
2023-03-03,398,76,Product 76,Electronics,240.17,1,240.17,False
2023-02-12,355,5,Product 5,Home,518.67,3,1556.01,False
2023-07-27,284,2,Product 2,Home,333.84,4,1335.34,False
2023-03-25,484,20,Product 20,Clothing,622.85,2,1245.7,False
2023-09-11,455,76,Product 76,Electronics,163.66,2,327.33,False
2023-10-27,386,27,Product 27,Groceries,75.24,3,225.72,False
2023-11-15,462,24,Product 24,Groceries,210.79,4,843.18,False
2023-01-24,66,31,Product 31,Clothing,229.13,2,458.26,False
2023-01-20,340,57,Product 57,Groceries,519.09,1,519.09,False
2023-07-13,463,22,Product 22,Clothing,133.35,3,400.05,False
2023-10-23,396,38,Product 38,Electronics,124.29,1,124.29,False
2023-02-07,183,36,Product 36,Clothing,515.21,3,1545.62,False
2023-12-12,415,100,Product 100,Electronics,116.94,3,350.82,False
2023-06-14,388,15,Product 15,Groceries,188.46,2,376.91,False
2023-07-10,452,63,Product 63,Beauty,387.35,1,387.35,False
2023-04-07,262,25,Product 25,Groceries,317.68,4,1270.74,False
2023-04-13,289,84,Product 84,Electronics,15.23,3,45.68,True
2023-12-26,491,59,Product 59,Beauty,122.55,3,367.66,False
2023-10-19,316,2,Product 2,Home,320.27,1,320.27,False
2023-01-01,401,91,Product 91,Electronics,96.03,2,192.06,False
2023-03-24,360,77,Product 77,Electronics,147.36,2,294.73,False
2023-10-08,223,13,Product 13,Home,263.58,2,527.15,False
2023-08-17,165,69,Product 69,Home,181.05,1,181.05,False
2023-06-04,75,66,Product 66,Home,166.53,1,166.53,False
2023-12-13,346,12,Product 12,Groceries,19.45,2,38.91,False
2023-10-03,390,89,Product 89,Beauty,242.9,2,485.8,False
2023-07-09,24,54,Product 54,Clothing,18.43,1,18.43,False
2023-04-30,149,33,Product 33,Groceries,38.89,1,38.89,False
2023-12-31,142,58,Product 58,Beauty,280.55,3,841.64,False
2023-01-21,465,73,Product 73,Beauty,366.21,1,366.21,False
2023-01-13,147,80,Product 80,Beauty,149.66,2,299.33,False
2023-02-07,253,82,Product 82,Clothing,287.17,4,1148.66,False
2023-02-11,463,41,Product 41,Groceries,179.47,1,179.47,False
2023-04-17,290,73,Product 73,Beauty,423.66,1,423.66,False
2023-11-28,455,97,Product 97,Groceries,423.77,1,423.77,False
2023-01-12,416,34,Product 34,Beauty,232.34,2,464.69,False
2023-02-19,48,64,Product 64,Groceries,134.21,1,134.21,False
2023-05-15,85,40,Product 40,Electronics,397.99,1,397.99,False
2023-11-07,444,14,Product 14,Clothing,30.72,4,122.89,False
2023-12-26,343,8,Product 8,Clothing,387.7,2,775.41,False
2023-10-13,335,95,Product 95,Home,297.87,2,595.73,False
2023-08-07,447,84,Product 84,Electronics,115.38,2,230.75,False
2023-08-16,96,4,Product 4,Home,47.18,2,94.35,False
2023-01-27,390,67,Product 67,Groceries,219.29,1,219.29,False
2023-06-10,137,44,Product 44,Home,50.17,4,200.66,False
2023-08-16,97,93,Product 93,Beauty,364.15,1,364.15,False
2023-12-17,284,33,Product 33,Groceries,30.38,3,91.14,False
2023-12-31,495,71,Product 71,Home,13.38,1,13.38,False
2023-05-02,128,59,Product 59,Beauty,128.06,2,256.13,False
2023-04-17,62,81,Product 81,Electronics,155.94,4,623.77,False
2023-09-04,495,40,Product 40,Electronics,316.77,3,950.31,False
2023-10-07,238,43,Product 43,Home,345.23,1,345.23,False
2023-04-26,330,79,Product 79,Clothing,386.5,3,1159.49,False
2023-03-10,448,94,Product 94,Groceries,419.53,4,1678.11,False
2023-06-17,386,10,Product 10,Beauty,338.95,4,1355.8,False
2023-12-31,255,66,Product 66,Home,152.7,2,305.4,False
2023-07-06,405,75,Product 75,Home,139.6,2,279.21,False
2023-07-27,439,64,Product 64,Groceries,98.71,3,296.14,False
2023-07-22,422,54,Product 54,Clothing,18.33,1,18.33,False
2023-04-07,280,89,Product 89,Beauty,409.88,4,1639.52,False
2023-12-07,371,41,Product 41,Groceries,155.15,3,465.45,False
2023-02-13,151,79,Product 79,Clothing,425.23,3,1275.69,False
2023-06-04,496,59,Product 59,Beauty,111.95,2,223.91,False
2023-02-17,482,99,Product 99,Home,217.57,1,217.57,False
2023-12-21,106,42,Product 42,Home,100.52,2,201.03,False
2023-12-06,217,64,Product 64,Groceries,108.41,3,325.23,False
2023-11-10,101,99,Product 99,Home,147.7,2,295.41,False
2023-11-15,399,31,Product 31,Clothing,190.35,1,190.35,False
2023-05-16,226,86,Product 86,Clothing,581.23,3,1743.7,False
2023-05-19,336,98,Product 98,Clothing,494.67,4,1978.7,False
2023-09-03,354,34,Product 34,Beauty,149.93,1,149.93,False
2023-06-27,51,82,Product 82,Clothing,252.74,1,252.74,False
2023-03-02,122,19,Product 19,Beauty,296.31,4,1185.25,False
2023-12-02,222,46,Product 46,Electronics,32.93,3,98.78,True
2023-09-01,461,49,Product 49,Home,236.74,2,473.47,False
2023-09-02,461,44,Product 44,Home,35.95,1,35.95,False
2023-10-19,98,94,Product 94,Groceries,255.93,3,767.8,False
2023-10-08,82,12,Product 12,Groceries,16.14,4,64.55,False
2023-08-18,431,11,Product 11,Clothing,209.09,1,209.09,False
2023-10-10,52,43,Product 43,Home,345.74,2,691.47,False
2023-01-05,127,53,Product 53,Home,27.3,2,54.59,True
2023-05-18,465,6,Product 6,Groceries,82.74,1,82.74,False
2023-09-02,400,37,Product 37,Groceries,205.3,4,821.2,False
2023-10-03,441,40,Product 40,Electronics,344.97,1,344.97,False
2023-09-29,373,22,Product 22,Clothing,137.44,3,412.32,False
2023-04-29,350,1,Product 1,Groceries,580.36,3,1741.07,False
2023-04-05,366,45,Product 45,Clothing,74.11,1,74.11,False
2023-12-20,311,95,Product 95,Home,390.71,4,1562.86,False
2023-06-22,493,56,Product 56,Electronics,167.72,2,335.44,False
2023-01-03,445,11,Product 11,Clothing,322.28,4,1289.1,False
2023-10-09,403,87,Product 87,Groceries,44.49,4,177.96,False
2023-04-06,107,94,Product 94,Groceries,388.57,4,1554.28,False
2023-10-19,162,63,Product 63,Beauty,345.09,1,345.09,False
2023-05-01,127,32,Product 32,Clothing,457.56,2,915.12,False
2023-03-30,224,1,Product 1,Groceries,580.74,1,580.74,False
2023-12-21,74,22,Product 22,Clothing,150.52,4,602.08,False
2023-05-30,3,58,Product 58,Beauty,286.09,2,572.18,False
2023-07-29,213,55,Product 55,Beauty,94.12,3,282.35,False
2023-06-21,411,18,Product 18,Home,409.03,2,818.05,False
2023-09-12,433,67,Product 67,Groceries,161.32,2,322.64,False
2023-03-29,95,15,Product 15,Groceries,218.04,2,436.07,False
2023-04-12,155,9,Product 9,Clothing,120.44,3,361.33,False
2023-10-13,255,44,Product 44,Home,40.26,3,120.77,False
2023-06-15,426,52,Product 52,Clothing,134.99,2,269.99,False
2023-03-06,393,47,Product 47,Clothing,72.26,2,144.52,False
2023-03-01,42,32,Product 32,Clothing,528.69,2,1057.38,False
2023-05-10,201,54,Product 54,Clothing,25.37,1,25.37,False
2023-08-07,388,8,Product 8,Clothing,290.82,1,290.82,False
2023-07-20,411,40,Product 40,Electronics,344.92,1,344.92,False
2023-03-01,57,11,Product 11,Clothing,333.56,3,1000.68,False
2023-07-07,428,7,Product 7,Home,18.91,2,37.81,False
2023-02-22,71,29,Product 29,Clothing,340.54,2,681.08,False
2023-04-29,477,65,Product 65,Groceries,474.92,1,474.92,False
2023-01-16,347,5,Product 5,Home,459.53,1,459.53,False
2023-10-20,464,44,Product 44,Home,36.96,1,36.96,False
2023-10-31,423,32,Product 32,Clothing,366.84,3,1100.51,False
2023-01-01,236,89,Product 89,Beauty,362.38,1,362.38,False
2023-11-16,371,85,Product 85,Clothing,236.06,2,472.13,False
2023-10-31,106,1,Product 1,Groceries,408.09,1,408.09,False
2023-08-14,321,74,Product 74,Clothing,137.18,1,137.18,False
2023-09-14,350,39,Product 39,Beauty,36.53,3,109.59,False
2023-08-24,404,44,Product 44,Home,37.75,3,113.24,False
2023-05-14,331,76,Product 76,Electronics,243.74,1,243.74,False
2023-04-18,66,84,Product 84,Electronics,163.02,2,326.04,False
2023-03-27,444,64,Product 64,Groceries,132.0,3,396.01,False
2023-11-20,61,39,Product 39,Beauty,42.91,2,85.82,False
2023-02-22,418,85,Product 85,Clothing,330.15,3,990.44,False
2023-05-04,249,5,Product 5,Home,51.86,1,51.86,True
2023-02-11,27,86,Product 86,Clothing,560.78,1,560.78,False
2023-07-15,41,17,Product 17,Groceries,244.21,4,976.82,False
2023-12-14,161,1,Product 1,Groceries,445.59,2,891.19,False
2023-10-16,255,65,Product 65,Groceries,376.92,3,1130.77,False
2023-05-23,407,60,Product 60,Home,366.7,3,1100.09,False
2023-09-27,491,24,Product 24,Groceries,176.53,1,176.53,False
2023-07-10,107,84,Product 84,Electronics,111.87,1,111.87,False
2023-07-16,455,65,Product 65,Groceries,406.64,1,406.64,False
2023-06-19,129,42,Product 42,Home,110.46,1,110.46,False
2023-10-22,78,37,Product 37,Groceries,241.66,3,724.98,False
2023-12-08,429,81,Product 81,Electronics,148.9,2,297.79,False
2023-05-20,181,79,Product 79,Clothing,419.43,1,419.43,False
2023-04-14,369,23,Product 23,Beauty,131.38,2,262.76,False
2023-08-12,62,20,Product 20,Clothing,402.21,2,804.42,False
2023-05-12,386,87,Product 87,Groceries,59.95,3,179.84,False
2023-12-20,226,42,Product 42,Home,104.57,4,418.26,False
2023-03-06,378,97,Product 97,Groceries,573.82,4,2295.29,False
2023-01-04,30,42,Product 42,Home,111.98,4,447.93,False
2023-11-13,189,45,Product 45,Clothing,58.08,2,116.16,False
2023-10-13,499,6,Product 6,Groceries,70.04,4,280.14,False
2023-09-14,460,38,Product 38,Electronics,122.61,3,367.84,False
2023-08-09,496,93,Product 93,Beauty,343.66,4,1374.65,False
2023-02-24,251,60,Product 60,Home,399.32,2,798.64,False
2023-06-04,385,3,Product 3,Beauty,85.62,1,85.62,False
2023-11-12,305,66,Product 66,Home,164.46,2,328.93,False
2023-06-15,122,68,Product 68,Electronics,132.02,4,528.07,False
2023-02-04,435,30,Product 30,Beauty,563.42,4,2253.69,False
2023-05-23,163,40,Product 40,Electronics,435.91,4,1743.65,False
2023-06-05,32,22,Product 22,Clothing,148.22,3,444.67,False
2023-11-10,189,75,Product 75,Home,147.56,2,295.11,False
2023-12-31,267,100,Product 100,Electronics,110.25,4,440.98,False
2023-10-10,275,55,Product 55,Beauty,9.24,1,9.24,True
2023-04-10,118,41,Product 41,Groceries,166.58,4,666.31,False
2023-04-29,332,41,Product 41,Groceries,189.12,1,189.12,False
2023-01-23,250,33,Product 33,Groceries,34.48,2,68.95,False
2023-07-27,414,54,Product 54,Clothing,20.54,2,41.08,False
2023-01-01,64,89,Product 89,Beauty,337.9,2,675.81,False
2023-12-30,442,77,Product 77,Electronics,121.57,3,364.71,False
2023-05-11,225,50,Product 50,Home,73.01,3,219.03,False
2023-02-04,314,44,Product 44,Home,50.19,2,100.38,False
2023-12-06,214,99,Product 99,Home,193.93,3,581.79,False
2023-05-16,58,21,Product 21,Groceries,337.95,3,1013.86,False
2023-11-25,438,91,Product 91,Electronics,75.74,4,302.95,False
2023-03-27,433,71,Product 71,Home,15.76,3,47.28,False
2023-07-14,421,22,Product 22,Clothing,143.89,2,287.78,False
2023-11-25,409,84,Product 84,Electronics,108.04,3,324.12,False
2023-02-17,438,21,Product 21,Groceries,365.94,3,1097.81,False
2023-08-20,431,49,Product 49,Home,240.59,2,481.18,False
2023-12-11,50,70,Product 70,Groceries,186.14,3,558.43,False
2023-06-20,149,4,Product 4,Home,55.02,3,165.07,False
2023-08-10,110,62,Product 62,Beauty,125.76,1,125.76,False
2023-05-21,289,92,Product 92,Home,111.35,4,445.4,False
2023-09-20,263,24,Product 24,Groceries,197.48,3,592.44,False
2023-12-09,45,90,Product 90,Home,376.26,3,1128.77,False
2023-02-01,489,45,Product 45,Clothing,81.37,1,81.37,False
2023-08-12,231,23,Product 23,Beauty,99.04,4,396.16,False
2023-11-11,434,88,Product 88,Home,106.08,1,106.08,False
2023-10-28,347,1,Product 1,Groceries,374.03,1,374.03,False
2023-06-04,163,67,Product 67,Groceries,183.6,3,550.81,False
2023-03-21,6,94,Product 94,Groceries,406.11,1,406.11,False
2023-09-26,419,94,Product 94,Groceries,296.41,2,592.82,False
2023-12-13,177,4,Product 4,Home,64.19,1,64.19,False
2023-11-01,132,41,Product 41,Groceries,146.09,2,292.17,False
2023-03-02,146,25,Product 25,Groceries,285.05,3,855.16,False
2023-01-04,347,86,Product 86,Clothing,555.44,3,1666.32,False
2023-05-17,486,21,Product 21,Groceries,326.47,1,326.47,False
2023-08-08,388,8,Product 8,Clothing,314.35,3,943.06,False
2023-12-08,222,47,Product 47,Clothing,61.56,3,184.68,False
2023-01-06,388,10,Product 10,Beauty,351.95,2,703.9,False
2023-03-21,259,78,Product 78,Groceries,161.58,3,484.73,False
2023-07-14,121,90,Product 90,Home,368.11,1,368.11,False
2023-05-11,368,66,Product 66,Home,185.7,1,185.7,False
2023-04-20,427,44,Product 44,Home,56.95,2,113.9,False
2023-07-01,420,96,Product 96,Home,164.8,2,329.6,False
2023-12-25,489,10,Product 10,Beauty,325.92,3,977.75,False
2023-09-02,242,10,Product 10,Beauty,261.29,2,522.59,False
2023-02-24,49,64,Product 64,Groceries,148.6,2,297.2,False
2023-04-25,142,21,Product 21,Groceries,338.62,2,677.24,False
2023-04-20,219,95,Product 95,Home,455.73,2,911.45,False
2023-10-25,220,97,Product 97,Groceries,407.31,2,814.62,False
2023-04-09,472,3,Product 3,Beauty,103.88,3,311.63,False
2023-04-07,74,70,Product 70,Groceries,217.74,2,435.48,False
2023-11-07,291,74,Product 74,Clothing,160.35,1,160.35,False
2023-05-13,280,83,Product 83,Beauty,212.94,4,851.77,False
2023-05-10,57,66,Product 66,Home,204.15,1,204.15,False
2023-04-09,16,5,Product 5,Home,492.62,4,1970.46,False
2023-05-11,384,4,Product 4,Home,69.8,3,209.41,False
2023-02-15,204,40,Product 40,Electronics,439.28,2,878.57,False
2023-08-18,346,52,Product 52,Clothing,102.04,2,204.08,False
2023-10-29,418,28,Product 28,Groceries,124.12,2,248.25,False
2023-05-28,261,81,Product 81,Electronics,143.65,3,430.96,False
2023-08-14,370,98,Product 98,Clothing,333.45,3,1000.35,False
2023-01-07,428,80,Product 80,Beauty,177.77,1,177.77,False
2023-04-05,434,73,Product 73,Beauty,439.05,1,439.05,False
2023-04-29,306,21,Product 21,Groceries,308.94,1,308.94,False
2023-02-20,12,48,Product 48,Beauty,408.5,3,1225.51,False
2023-05-31,126,73,Product 73,Beauty,407.4,3,1222.21,False
2023-06-14,473,95,Product 95,Home,381.01,1,381.01,False
2023-06-12,264,26,Product 26,Home,461.12,4,1844.47,False
2023-04-23,112,60,Product 60,Home,449.18,1,449.18,False
2023-03-18,440,36,Product 36,Clothing,521.62,2,1043.24,False
2023-07-23,144,73,Product 73,Beauty,330.65,2,661.31,False
2023-09-27,429,39,Product 39,Beauty,36.49,1,36.49,False
2023-08-14,469,40,Product 40,Electronics,306.37,2,612.74,False
2023-09-04,128,93,Product 93,Beauty,355.98,4,1423.9,False
2023-12-21,201,31,Product 31,Clothing,208.13,1,208.13,False
2023-07-24,349,23,Product 23,Beauty,119.59,1,119.59,False
2023-02-27,328,30,Product 30,Beauty,543.3,2,1086.59,False
2023-05-02,362,18,Product 18,Home,456.45,4,1825.8,False
2023-09-03,59,31,Product 31,Clothing,198.04,3,594.13,False
2023-12-08,171,10,Product 10,Beauty,300.34,3,901.02,False
2023-04-03,382,1,Product 1,Groceries,544.82,3,1634.46,False
2023-11-30,348,43,Product 43,Home,377.24,4,1508.96,False
2023-05-12,453,6,Product 6,Groceries,89.0,4,355.99,False
2023-06-29,314,46,Product 46,Electronics,303.61,4,1214.42,False
2023-01-23,419,1,Product 1,Groceries,546.75,3,1640.24,False
2023-02-06,467,28,Product 28,Groceries,184.5,3,553.5,False
2023-01-21,441,25,Product 25,Groceries,276.04,3,828.11,False
2023-04-15,237,27,Product 27,Groceries,122.86,1,122.86,False
2023-10-31,416,79,Product 79,Clothing,292.72,1,292.72,False
2023-11-03,371,41,Product 41,Groceries,130.96,1,130.96,False
2023-02-16,378,22,Product 22,Clothing,183.12,2,366.24,False
2023-08-18,122,84,Product 84,Electronics,95.19,3,285.56,False
2023-10-03,386,84,Product 84,Electronics,103.92,3,311.75,False
2023-12-17,411,95,Product 95,Home,345.58,2,691.16,False
2023-06-08,483,24,Product 24,Groceries,214.1,1,214.1,False
2023-06-23,457,59,Product 59,Beauty,129.21,4,516.86,False
2023-05-03,150,1,Product 1,Groceries,537.0,2,1074.01,False
2023-12-14,485,54,Product 54,Clothing,24.58,4,98.32,False
2023-06-27,14,64,Product 64,Groceries,120.11,1,120.11,False
2023-06-23,355,84,Product 84,Electronics,134.0,2,268.0,False
2023-01-12,134,40,Product 40,Electronics,425.3,1,425.3,False
2023-01-20,145,85,Product 85,Clothing,308.89,2,617.79,False
2023-11-26,110,81,Product 81,Electronics,122.52,4,490.07,False
2023-08-02,39,17,Product 17,Groceries,271.09,1,271.09,False
2023-01-06,493,85,Product 85,Clothing,298.86,1,298.86,False
2023-07-24,295,58,Product 58,Beauty,254.3,4,1017.19,False
2023-06-16,166,65,Product 65,Groceries,453.27,3,1359.8,False
2023-04-10,45,83,Product 83,Beauty,204.45,3,613.35,False
2023-11-08,308,10,Product 10,Beauty,298.37,2,596.74,False
2023-11-09,432,45,Product 45,Clothing,62.15,3,186.46,False
2023-10-25,294,7,Product 7,Home,18.25,4,73.0,False
2023-02-20,46,20,Product 20,Clothing,562.76,4,2251.02,False
2023-07-20,240,74,Product 74,Clothing,158.68,4,634.71,False
2023-10-12,380,47,Product 47,Clothing,46.5,3,139.51,False
2023-01-02,242,49,Product 49,Home,288.14,2,576.29,False
2023-02-13,327,99,Product 99,Home,227.97,1,227.97,False
2023-12-06,162,18,Product 18,Home,406.63,2,813.26,False
2023-10-23,317,44,Product 44,Home,42.0,1,42.0,False
2023-04-26,115,94,Product 94,Groceries,397.75,4,1591.02,False
2023-08-28,438,96,Product 96,Home,143.08,2,286.17,False
2023-06-28,425,37,Product 37,Groceries,283.04,1,283.04,False
2023-11-18,13,20,Product 20,Clothing,442.22,3,1326.65,False
2023-09-20,177,20,Product 20,Clothing,370.87,3,1112.62,False
2023-01-13,130,56,Product 56,Electronics,197.67,4,790.7,False
2023-02-11,294,56,Product 56,Electronics,204.15,1,204.15,False
2023-03-08,457,95,Product 95,Home,470.27,46,21632.28,True
2023-07-15,403,24,Product 24,Groceries,211.12,1,211.12,False
2023-05-30,404,97,Product 97,Groceries,517.71,3,1553.12,False
2023-10-14,227,93,Product 93,Beauty,359.74,1,359.74,False
2023-04-04,221,31,Product 31,Clothing,274.43,3,823.28,False
2023-08-14,478,19,Product 19,Beauty,181.94,3,545.82,False
2023-09-01,481,23,Product 23,Beauty,89.88,4,359.54,False
2023-02-22,203,11,Product 11,Clothing,334.12,1,334.12,False
2023-04-09,278,49,Product 49,Home,346.48,4,1385.9,False
2023-08-21,47,7,Product 7,Home,17.37,1,17.37,False
2023-07-03,436,59,Product 59,Beauty,116.82,4,467.3,False
2023-06-16,264,50,Product 50,Home,62.33,1,62.33,False
2023-08-27,466,95,Product 95,Home,315.6,4,1262.39,False
2023-07-02,400,66,Product 66,Home,148.87,4,595.5,False
2023-09-12,67,98,Product 98,Clothing,368.92,3,1106.75,False
2023-05-21,473,51,Product 51,Home,451.31,2,902.62,False
2023-04-19,366,71,Product 71,Home,16.43,3,49.28,False
2023-02-19,179,34,Product 34,Beauty,225.49,1,225.49,False
2023-11-08,455,64,Product 64,Groceries,97.09,4,388.37,False
2023-09-18,302,26,Product 26,Home,381.16,4,1524.66,False
2023-08-18,243,45,Product 45,Clothing,54.7,3,164.1,False
2023-09-03,173,29,Product 29,Clothing,247.54,2,495.08,False
2023-10-19,258,74,Product 74,Clothing,139.95,2,279.9,False
2023-02-06,178,59,Product 59,Beauty,149.14,4,596.58,False
2023-11-06,378,61,Product 61,Groceries,427.27,1,427.27,False
2023-03-07,32,23,Product 23,Beauty,155.69,1,155.69,False
2023-09-09,119,45,Product 45,Clothing,53.18,3,159.53,False
2023-09-20,92,97,Product 97,Groceries,393.89,1,393.89,False
2023-05-03,409,61,Product 61,Groceries,517.81,2,1035.62,False
2023-02-12,426,81,Product 81,Electronics,167.94,4,671.77,False
2023-01-17,317,5,Product 5,Home,520.8,2,1041.59,False
2023-05-14,454,86,Product 86,Clothing,573.93,4,2295.74,False
2023-01-09,428,20,Product 20,Clothing,499.09,3,1497.28,False
2023-06-15,211,42,Product 42,Home,114.06,4,456.23,False
2023-01-14,242,91,Product 91,Electronics,84.56,3,253.69,False
2023-06-26,18,63,Product 63,Beauty,446.03,3,1338.1,False
2023-05-17,455,98,Product 98,Clothing,479.0,3,1437.0,False
2023-05-31,49,11,Product 11,Clothing,272.88,3,818.65,False
2023-06-28,250,19,Product 19,Beauty,216.09,3,648.26,False
2023-06-19,146,58,Product 58,Beauty,297.51,1,297.51,False
2023-02-09,495,41,Product 41,Groceries,166.37,3,499.11,False
2023-07-02,120,14,Product 14,Clothing,31.61,1,31.61,False
2023-02-11,406,37,Product 37,Groceries,330.69,3,992.08,False
2023-05-15,68,66,Product 66,Home,187.3,1,187.3,False
2023-11-20,126,13,Product 13,Home,279.06,2,558.13,False
2023-12-26,494,75,Product 75,Home,181.9,2,363.81,False
2023-09-23,10,81,Product 81,Electronics,111.44,4,445.75,False
2023-03-15,239,70,Product 70,Groceries,234.69,3,704.08,False
2023-05-05,363,12,Product 12,Groceries,21.72,1,21.72,False
2023-08-02,294,74,Product 74,Clothing,143.82,1,143.82,False
2023-08-08,51,47,Product 47,Clothing,43.26,3,129.77,False
2023-08-19,173,12,Product 12,Groceries,16.17,2,32.33,False
2023-07-02,69,44,Product 44,Home,43.07,4,172.28,False
2023-04-25,155,32,Product 32,Clothing,525.32,4,2101.28,False
2023-05-11,121,16,Product 16,Home,207.59,4,830.36,False
2023-04-18,446,100,Product 100,Electronics,127.08,4,508.32,False
2023-06-30,11,13,Product 13,Home,291.54,3,874.62,False
2023-08-12,20,29,Product 29,Clothing,220.5,4,882.0,False
2023-03-12,368,92,Product 92,Home,129.45,1,129.45,False
2023-01-04,47,14,Product 14,Clothing,36.3,2,72.59,False
2023-07-26,335,19,Product 19,Beauty,187.46,2,374.91,False
2023-11-27,459,15,Product 15,Groceries,163.28,2,326.56,False
2023-06-29,31,60,Product 60,Home,370.75,3,1112.26,False
2023-02-10,81,94,Product 94,Groceries,377.01,3,1131.02,False
2023-04-07,10,39,Product 39,Beauty,57.13,3,171.38,False
2023-08-25,126,14,Product 14,Clothing,26.08,3,78.23,False
2023-10-31,372,97,Product 97,Groceries,389.68,2,779.37,False
2023-06-22,2,40,Product 40,Electronics,410.82,4,1643.28,False
2023-08-07,396,84,Product 84,Electronics,103.51,4,414.03,False
2023-02-16,346,57,Product 57,Groceries,559.84,2,1119.68,False
2023-08-04,130,52,Product 52,Clothing,98.79,4,395.16,False
2023-08-06,483,40,Product 40,Electronics,323.37,3,970.12,False
2023-11-18,372,76,Product 76,Electronics,194.9,2,389.8,False
2023-01-21,143,65,Product 65,Groceries,539.97,4,2159.86,False
2023-09-16,236,10,Product 10,Beauty,233.88,4,935.51,False
2023-08-21,107,32,Product 32,Clothing,338.42,3,1015.25,False
2023-08-26,2,88,Product 88,Home,116.89,1,116.89,False
2023-10-31,428,39,Product 39,Beauty,38.12,2,76.24,False
2023-07-12,251,5,Product 5,Home,424.81,1,424.81,False
2023-11-07,471,24,Product 24,Groceries,187.08,2,374.17,False
2023-07-16,190,5,Product 5,Home,402.82,3,1208.45,False
2023-07-03,412,1,Product 1,Groceries,411.58,4,1646.31,False
2023-08-09,251,90,Product 90,Home,307.21,1,307.21,False
2023-01-26,327,2,Product 2,Home,451.39,2,902.77,False
2023-07-17,33,8,Product 8,Clothing,360.09,4,1440.36,False
2023-01-31,241,7,Product 7,Home,2.06,4,8.23,True
2023-06-20,81,47,Product 47,Clothing,53.95,1,53.95,False
2023-01-20,30,64,Product 64,Groceries,137.53,3,412.6,False
2023-03-22,392,100,Product 100,Electronics,124.22,4,496.88,False
2023-07-11,112,14,Product 14,Clothing,28.82,3,86.47,False
2023-06-07,260,100,Product 100,Electronics,118.24,2,236.49,False
2023-10-13,311,6,Product 6,Groceries,66.03,3,198.09,False
2023-02-21,121,5,Product 5,Home,465.16,2,930.32,False
2023-05-24,29,56,Product 56,Electronics,179.51,2,359.01,False
2023-09-16,76,27,Product 27,Groceries,81.61,4,326.45,False
2023-12-27,369,90,Product 90,Home,436.61,1,436.61,False
2023-12-15,105,45,Product 45,Clothing,60.56,3,181.69,False
2023-03-15,249,8,Product 8,Clothing,431.76,2,863.52,False
2023-07-13,402,4,Product 4,Home,48.87,1,48.87,False
2023-01-15,308,7,Product 7,Home,22.65,2,45.31,False
2023-01-10,257,28,Product 28,Groceries,190.13,2,380.27,False
2023-09-10,371,69,Product 69,Home,170.86,1,170.86,False
2023-01-29,420,35,Product 35,Clothing,284.46,2,568.91,False
2023-06-15,466,56,Product 56,Electronics,153.1,2,306.2,False
2023-03-02,47,47,Product 47,Clothing,65.15,3,195.44,False
2023-06-17,490,79,Product 79,Clothing,394.25,2,788.51,False
2023-10-06,293,96,Product 96,Home,157.66,4,630.64,False
2023-11-16,465,53,Product 53,Home,236.55,4,946.22,False
2023-10-14,455,37,Product 37,Groceries,249.32,1,249.32,False
2023-11-11,163,88,Product 88,Home,123.31,4,493.26,False
2023-11-14,438,83,Product 83,Beauty,146.53,4,586.13,False
2023-06-24,202,64,Product 64,Groceries,119.25,1,119.25,False
2023-02-12,363,32,Product 32,Clothing,530.44,1,530.44,False
2023-05-28,485,48,Product 48,Beauty,412.96,2,825.93,False
2023-03-22,85,12,Product 12,Groceries,25.33,2,50.66,False
2023-01-31,178,44,Product 44,Home,54.91,2,109.82,False
2023-07-05,176,36,Product 36,Clothing,451.44,3,1354.33,False
2023-10-25,322,64,Product 64,Groceries,104.71,2,209.41,False
2023-04-07,347,37,Product 37,Groceries,303.59,3,910.77,False
2023-05-27,53,12,Product 12,Groceries,22.51,3,67.54,False
2023-10-31,422,65,Product 65,Groceries,356.81,4,1427.23,False
2023-02-09,366,51,Product 51,Home,432.48,1,432.48,False
2023-05-19,193,65,Product 65,Groceries,469.58,4,1878.33,False
2023-06-08,137,82,Product 82,Clothing,265.5,3,796.51,False
2023-09-28,304,97,Product 97,Groceries,385.0,3,1155.01,False
2023-07-22,347,80,Product 80,Beauty,123.03,1,123.03,False
2023-02-15,112,67,Product 67,Groceries,222.95,2,445.9,False
2023-05-11,240,31,Product 31,Clothing,273.09,3,819.28,False
2023-05-02,385,47,Product 47,Clothing,63.12,3,189.37,False
2023-09-17,304,22,Product 22,Clothing,115.72,3,347.17,False
2023-09-07,357,43,Product 43,Home,347.31,2,694.63,False
2023-05-02,470,75,Product 75,Home,184.62,1,184.62,False
2023-01-19,225,55,Product 55,Beauty,121.4,4,485.58,False
2023-01-10,213,37,Product 37,Groceries,279.25,4,1117.0,False
2023-04-06,272,39,Product 39,Beauty,58.86,4,235.44,False
2023-01-21,478,86,Product 86,Clothing,584.58,4,2338.33,False
2023-01-10,115,55,Product 55,Beauty,131.55,1,131.55,False
2023-07-03,359,13,Product 13,Home,262.0,3,785.99,False
2023-04-19,208,66,Product 66,Home,199.34,2,398.67,False
2023-03-01,381,72,Product 72,Home,250.87,3,752.61,False
2023-02-18,174,65,Product 65,Groceries,547.38,2,1094.76,False
2023-02-23,432,60,Product 60,Home,403.98,3,1211.94,False
2023-03-25,350,51,Product 51,Home,476.62,1,476.62,False
2023-10-11,239,25,Product 25,Groceries,229.51,3,688.53,False
2023-06-23,343,13,Product 13,Home,286.99,1,286.99,False
2023-11-08,99,23,Product 23,Beauty,115.27,1,115.27,False
2023-01-07,62,68,Product 68,Electronics,164.87,2,329.74,False
2023-11-03,102,14,Product 14,Clothing,30.17,3,90.52,False
2023-11-03,472,59,Product 59,Beauty,112.69,1,112.69,False
2023-11-04,414,85,Product 85,Clothing,226.23,3,678.68,False
2023-02-24,401,43,Product 43,Home,465.49,4,1861.95,False
2023-08-22,444,96,Product 96,Home,147.57,4,590.27,False
2023-09-14,168,43,Product 43,Home,296.23,3,888.7,False
2023-10-28,208,49,Product 49,Home,238.59,2,477.18,False
2023-01-31,130,56,Product 56,Electronics,193.26,3,579.79,False
2023-01-31,242,48,Product 48,Beauty,377.35,4,1509.41,False
2023-09-13,490,78,Product 78,Groceries,117.03,1,117.03,False
2023-07-14,178,69,Product 69,Home,214.36,2,428.73,False
2023-02-23,211,79,Product 79,Clothing,449.03,1,449.03,False
2023-07-06,489,23,Product 23,Beauty,106.01,1,106.01,False
2023-01-19,355,89,Product 89,Beauty,334.39,2,668.78,False
2023-09-07,492,60,Product 60,Home,288.66,3,865.97,False
2023-05-26,30,77,Product 77,Electronics,133.61,3,400.84,False
2023-07-11,292,45,Product 45,Clothing,62.3,1,62.3,False
2023-06-22,139,94,Product 94,Groceries,321.72,3,965.15,False
2023-05-24,210,92,Product 92,Home,110.2,3,330.6,False
2023-06-19,164,13,Product 13,Home,333.6,1,333.6,False
2023-09-13,283,5,Product 5,Home,320.79,2,641.58,False
2023-05-04,259,47,Product 47,Clothing,62.63,3,187.88,False
2023-10-29,17,56,Product 56,Electronics,134.59,2,269.19,False
2023-03-01,458,85,Product 85,Clothing,301.31,3,903.93,False
2023-07-16,488,27,Product 27,Groceries,88.97,1,88.97,False
2023-01-12,416,83,Product 83,Beauty,208.05,2,416.1,False
2023-03-07,110,16,Product 16,Home,215.83,4,863.33,False
2023-06-14,176,25,Product 25,Groceries,234.8,3,704.39,False
2023-02-12,479,33,Product 33,Groceries,40.43,1,40.43,False
2023-06-16,385,65,Product 65,Groceries,472.59,4,1890.35,False
2023-04-05,432,77,Product 77,Electronics,171.17,4,684.7,False
2023-06-18,446,41,Product 41,Groceries,145.23,1,145.23,False
2023-10-12,335,45,Product 45,Clothing,58.64,4,234.57,False
2023-06-10,118,76,Product 76,Electronics,214.03,2,428.06,False
2023-01-02,422,98,Product 98,Clothing,447.29,1,447.29,False
2023-04-30,476,76,Product 76,Electronics,253.83,1,253.83,False
2023-08-04,456,60,Product 60,Home,299.76,3,899.29,False
2023-06-22,92,73,Product 73,Beauty,373.61,1,373.61,False
2023-11-07,262,81,Product 81,Electronics,117.84,3,353.53,False
2023-10-01,407,84,Product 84,Electronics,114.25,4,457.0,False
2023-10-31,365,89,Product 89,Beauty,241.32,4,965.29,False
2023-12-10,354,62,Product 62,Beauty,163.63,2,327.25,False
2023-07-23,318,63,Product 63,Beauty,375.85,1,375.85,False
2023-06-10,405,73,Product 73,Beauty,376.91,1,376.91,False
2023-04-27,418,97,Product 97,Groceries,529.91,1,529.91,False
2023-11-13,47,4,Product 4,Home,51.86,3,155.58,False
2023-09-27,149,71,Product 71,Home,10.25,2,20.5,False
2023-04-10,43,58,Product 58,Beauty,305.79,2,611.59,False
2023-06-19,267,48,Product 48,Beauty,337.88,2,675.75,False
2023-01-09,360,18,Product 18,Home,456.47,1,456.47,False
2023-03-16,208,22,Product 22,Clothing,189.23,3,567.68,False
2023-05-11,279,21,Product 21,Groceries,285.58,2,571.15,False
2023-06-22,79,74,Product 74,Clothing,166.39,4,665.57,False
2023-01-01,128,61,Product 61,Groceries,501.14,3,1503.41,False
2023-12-19,75,99,Product 99,Home,174.58,3,523.74,False
2023-10-16,119,55,Product 55,Beauty,96.49,2,192.98,False
2023-02-11,490,42,Product 42,Home,122.65,3,367.94,False
2023-09-18,283,2,Product 2,Home,319.51,1,319.51,False
2023-03-17,114,97,Product 97,Groceries,521.86,4,2087.44,False
2023-09-21,170,70,Product 70,Groceries,143.04,1,143.04,False
2023-06-16,468,11,Product 11,Clothing,257.97,2,515.94,False
2023-01-10,51,1,Product 1,Groceries,529.86,2,1059.72,False
2023-12-25,217,12,Product 12,Groceries,21.97,3,65.91,False
2023-07-21,309,45,Product 45,Clothing,65.2,2,130.41,False
2023-10-24,446,51,Product 51,Home,297.63,3,892.9,False
2023-03-17,56,90,Product 90,Home,529.55,4,2118.2,False
2023-09-19,231,62,Product 62,Beauty,132.97,4,531.88,False
2023-11-11,306,26,Product 26,Home,386.14,1,386.14,False
2023-03-05,223,10,Product 10,Beauty,346.68,4,1386.73,False
2023-08-18,179,50,Product 50,Home,53.16,2,106.32,False
2023-06-21,453,67,Product 67,Groceries,202.4,1,202.4,False
2023-01-25,161,82,Product 82,Clothing,273.71,1,273.71,False
2023-03-23,327,90,Product 90,Home,463.87,4,1855.48,False
2023-08-29,447,21,Product 21,Groceries,249.62,4,998.49,False
2023-03-27,159,88,Product 88,Home,145.1,1,145.1,False
2023-02-13,310,15,Product 15,Groceries,213.95,3,641.86,False
2023-04-05,112,55,Product 55,Beauty,127.03,1,127.03,False
2023-03-08,139,65,Product 65,Groceries,497.6,3,1492.8,False
2023-11-10,385,30,Product 30,Beauty,467.7,1,467.7,False
2023-12-18,307,11,Product 11,Clothing,276.01,4,1104.04,False
2023-05-06,362,6,Product 6,Groceries,84.9,3,254.69,False
2023-05-13,462,70,Product 70,Groceries,207.65,4,830.59,False
2023-10-23,252,44,Product 44,Home,35.18,3,105.54,False
2023-01-21,495,83,Product 83,Beauty,206.39,1,206.39,False
2023-01-20,22,39,Product 39,Beauty,54.86,1,54.86,False
2023-08-07,294,94,Product 94,Groceries,257.64,1,257.64,False
2023-12-23,425,53,Product 53,Home,291.98,3,875.93,False
2023-09-30,25,28,Product 28,Groceries,118.58,2,237.17,False
2023-08-18,419,93,Product 93,Beauty,330.22,2,660.44,False
2023-03-03,222,20,Product 20,Clothing,604.34,3,1813.02,False
2023-06-09,391,49,Product 49,Home,281.99,1,281.99,False
2023-09-23,50,62,Product 62,Beauty,134.37,2,268.73,False
2023-02-20,266,33,Product 33,Groceries,38.43,4,153.71,False
2023-05-11,342,87,Product 87,Groceries,51.85,4,207.38,False
2023-03-03,206,49,Product 49,Home,313.11,4,1252.44,False
2023-12-01,344,39,Product 39,Beauty,44.72,1,44.72,False
2023-03-02,359,95,Product 95,Home,415.02,1,415.02,False
2023-05-24,361,73,Product 73,Beauty,405.47,3,1216.41,False
2023-01-02,302,20,Product 20,Clothing,573.26,2,1146.52,False
2023-12-15,223,97,Product 97,Groceries,428.68,1,428.68,False
2023-06-13,130,70,Product 70,Groceries,165.24,3,495.73,False
2023-04-14,335,19,Product 19,Beauty,275.44,2,550.88,False
2023-02-01,32,81,Product 81,Electronics,166.3,3,498.91,False
2023-04-04,392,15,Product 15,Groceries,203.56,1,203.56,False
2023-11-02,319,73,Product 73,Beauty,298.1,4,1192.4,False
2023-03-04,162,20,Product 20,Clothing,594.35,1,594.35,False
2023-10-18,334,13,Product 13,Home,250.78,4,1003.14,False
2023-08-10,319,93,Product 93,Beauty,325.16,3,975.49,False
2023-05-21,147,73,Product 73,Beauty,390.87,4,1563.46,False
2023-05-23,490,46,Product 46,Electronics,335.87,2,671.74,False
2023-08-02,129,49,Product 49,Home,233.69,4,934.76,False
2023-08-11,415,100,Product 100,Electronics,93.89,3,281.67,False
2023-05-14,381,28,Product 28,Groceries,167.69,1,167.69,False
2023-05-15,191,50,Product 50,Home,70.85,4,283.41,False
2023-12-28,123,28,Product 28,Groceries,163.77,2,327.54,False
2023-01-22,180,56,Product 56,Electronics,191.46,2,382.93,False
2023-08-09,176,34,Product 34,Beauty,162.4,3,487.2,False
2023-06-15,141,72,Product 72,Home,212.94,2,425.88,False
2023-03-28,380,37,Product 37,Groceries,300.75,1,300.75,False
2023-01-02,395,48,Product 48,Beauty,377.38,1,377.38,False
2023-05-02,148,62,Product 62,Beauty,177.6,3,532.8,False
2023-07-26,40,20,Product 20,Clothing,411.72,3,1235.15,False
2023-07-29,308,77,Product 77,Electronics,113.03,4,452.11,False
2023-09-15,295,61,Product 61,Groceries,409.08,3,1227.25,False
2023-01-15,170,57,Product 57,Groceries,471.77,4,1887.06,False
2023-03-31,402,80,Product 80,Beauty,164.65,2,329.3,False
2023-01-01,155,71,Product 71,Home,16.0,3,47.99,False
2023-06-13,357,20,Product 20,Clothing,506.48,4,2025.92,False
2023-02-18,17,63,Product 63,Beauty,522.35,1,522.35,False
2023-07-11,427,26,Product 26,Home,391.31,2,782.63,False
2023-01-25,417,44,Product 44,Home,49.06,1,49.06,False
2023-05-12,159,40,Product 40,Electronics,410.21,4,1640.83,False
2023-07-18,391,25,Product 25,Groceries,211.38,3,634.13,False
2023-07-18,117,67,Product 67,Groceries,152.8,4,611.19,False
2023-09-07,438,44,Product 44,Home,37.35,3,112.05,False
2023-08-17,322,42,Product 42,Home,80.05,2,160.1,False
2023-12-10,185,92,Product 92,Home,94.73,4,378.91,False
2023-02-20,228,51,Product 51,Home,480.74,4,1922.96,False
2023-01-14,241,81,Product 81,Electronics,152.53,4,610.12,False
2023-07-02,461,62,Product 62,Beauty,136.25,2,272.5,False
2023-05-03,324,96,Product 96,Home,196.37,4,785.46,False
2023-02-20,439,1,Product 1,Groceries,612.05,2,1224.11,False
2023-06-27,237,20,Product 20,Clothing,462.18,1,462.18,False
2023-01-03,216,18,Product 18,Home,428.41,4,1713.64,False
2023-09-27,418,100,Product 100,Electronics,97.18,1,97.18,False
2023-01-10,137,98,Product 98,Clothing,424.93,3,1274.79,False
2023-03-22,155,31,Product 31,Clothing,259.01,4,1036.03,False
2023-04-10,88,78,Product 78,Groceries,160.21,3,480.64,False
2023-11-06,19,40,Product 40,Electronics,324.71,1,324.71,False
2023-11-25,322,19,Product 19,Beauty,218.67,4,874.68,False
2023-06-25,301,33,Product 33,Groceries,29.66,3,88.97,False
2023-01-03,221,31,Product 31,Clothing,256.82,1,256.82,False
2023-06-29,384,59,Product 59,Beauty,113.42,4,453.67,False
2023-06-28,10,89,Product 89,Beauty,315.9,2,631.79,False
2023-07-25,4,57,Product 57,Groceries,409.63,4,1638.52,False
2023-01-12,96,10,Product 10,Beauty,371.92,2,743.84,False
2023-09-02,500,2,Product 2,Home,315.95,1,315.95,False
2023-06-08,80,96,Product 96,Home,186.47,1,186.47,False
2023-03-26,113,88,Product 88,Home,142.73,2,285.46,False
2023-03-25,334,30,Product 30,Beauty,582.34,2,1164.68,False
2023-01-07,213,42,Product 42,Home,122.52,1,122.52,False
2023-08-14,194,2,Product 2,Home,334.61,2,669.23,False
2023-08-29,301,100,Product 100,Electronics,90.98,3,272.95,False
2023-01-15,108,51,Product 51,Home,417.03,1,417.03,False
2023-10-19,63,18,Product 18,Home,369.78,4,1479.13,False
2023-06-04,111,87,Product 87,Groceries,46.85,1,46.85,False
2023-05-24,437,88,Product 88,Home,128.87,2,257.74,False
2023-08-15,24,12,Product 12,Groceries,16.24,1,16.24,False
2023-07-03,427,61,Product 61,Groceries,419.43,2,838.86,False
2023-03-01,436,4,Product 4,Home,77.67,4,310.69,False
2023-05-16,10,89,Product 89,Beauty,341.63,1,341.63,False
2023-01-10,309,18,Product 18,Home,503.09,1,503.09,False
2023-08-12,249,68,Product 68,Electronics,130.1,1,130.1,False
2023-11-13,187,95,Product 95,Home,349.97,1,349.97,False
2023-12-23,172,32,Product 32,Clothing,406.94,3,1220.82,False
2023-04-14,384,64,Product 64,Groceries,142.68,1,142.68,False
2023-08-14,403,83,Product 83,Beauty,149.82,3,449.45,False
2023-04-04,363,22,Product 22,Clothing,174.37,4,697.49,False
2023-10-13,460,40,Product 40,Electronics,344.22,2,688.45,False
2023-03-25,4,16,Product 16,Home,220.81,2,441.61,False
2023-05-29,398,3,Product 3,Beauty,96.48,3,289.44,False
2023-08-13,121,34,Product 34,Beauty,178.81,4,715.25,False
2023-08-25,113,17,Product 17,Groceries,254.23,1,254.23,False
2023-06-26,174,75,Product 75,Home,180.81,1,180.81,False
2023-07-30,318,14,Product 14,Clothing,28.59,1,28.59,False
2023-12-17,384,46,Product 46,Electronics,312.33,2,624.66,False
2023-07-17,433,27,Product 27,Groceries,83.06,4,332.23,False
2023-03-21,147,74,Product 74,Clothing,218.28,4,873.13,False
2023-07-08,168,50,Product 50,Home,63.25,3,189.75,False
2023-10-27,449,25,Product 25,Groceries,188.46,1,188.46,False
2023-04-02,249,46,Product 46,Electronics,405.87,3,1217.61,False
2023-04-01,424,1,Product 1,Groceries,503.34,4,2013.37,False
2023-01-21,270,97,Product 97,Groceries,513.14,38,19499.35,True
2023-03-29,480,71,Product 71,Home,15.23,1,15.23,False
2023-10-01,138,87,Product 87,Groceries,42.16,4,168.64,False
2023-04-26,334,79,Product 79,Clothing,397.65,1,397.65,False
2023-03-23,298,89,Product 89,Beauty,393.3,3,1179.89,False
2023-07-05,499,43,Product 43,Home,358.09,1,358.09,False
2023-07-03,433,86,Product 86,Clothing,441.67,3,1325.01,False
2023-10-20,317,13,Product 13,Home,280.46,1,280.46,False
2023-05-06,205,48,Product 48,Beauty,419.68,2,839.37,False
2023-02-04,352,26,Product 26,Home,533.4,4,2133.59,False
2023-01-23,67,95,Product 95,Home,356.13,2,712.26,False
2023-04-13,402,40,Product 40,Electronics,487.34,1,487.34,False
2023-12-03,406,39,Product 39,Beauty,49.94,2,99.88,False
2023-06-16,354,36,Product 36,Clothing,487.01,3,1461.04,False
2023-02-13,49,64,Product 64,Groceries,143.56,2,287.12,False
2023-01-16,417,72,Product 72,Home,247.02,1,247.02,False
2023-04-13,256,85,Product 85,Clothing,296.17,2,592.33,False
2023-12-06,161,54,Product 54,Clothing,21.32,2,42.63,False
2023-08-15,124,5,Product 5,Home,373.66,1,373.66,False
2023-08-28,444,26,Product 26,Home,413.88,3,1241.65,False
2023-01-23,68,78,Product 78,Groceries,147.35,1,147.35,False
2023-11-30,163,82,Product 82,Clothing,207.95,4,831.8,False
2023-12-27,35,88,Product 88,Home,140.78,1,140.78,False
2023-07-10,317,43,Product 43,Home,355.01,4,1420.03,False
2023-05-15,114,14,Product 14,Clothing,34.86,1,34.86,False
2023-11-28,272,60,Product 60,Home,313.14,3,939.43,False
2023-09-27,140,71,Product 71,Home,10.08,3,30.24,False
2023-05-30,213,83,Product 83,Beauty,186.29,3,558.87,False
2023-11-11,134,82,Product 82,Clothing,253.01,1,253.01,False
2023-06-28,292,84,Product 84,Electronics,131.33,2,262.66,False
2023-03-19,375,64,Product 64,Groceries,149.29,4,597.16,False
2023-02-14,90,75,Product 75,Home,181.06,4,724.25,False
2023-05-25,481,93,Product 93,Beauty,428.35,2,856.7,False
2023-12-25,369,8,Product 8,Clothing,345.17,1,345.17,False
2023-06-20,342,76,Product 76,Electronics,195.73,1,195.73,False
2023-09-16,316,70,Product 70,Groceries,132.04,4,528.16,False
2023-07-28,106,77,Product 77,Electronics,125.23,2,250.46,False
2023-01-29,234,27,Product 27,Groceries,101.63,1,101.63,False
2023-04-11,137,35,Product 35,Clothing,291.96,2,583.92,False
2023-01-04,102,15,Product 15,Groceries,216.91,1,216.91,False
2023-07-15,370,36,Product 36,Clothing,470.36,2,940.73,False
2023-03-25,160,79,Product 79,Clothing,392.59,1,392.59,False
2023-11-05,437,22,Product 22,Clothing,149.67,4,598.68,False
2023-10-01,97,55,Product 55,Beauty,82.55,3,247.64,False
2023-04-16,428,72,Product 72,Home,267.27,1,267.27,False
2023-09-06,366,1,Product 1,Groceries,350.9,4,1403.59,False
2023-02-17,152,58,Product 58,Beauty,313.26,2,626.53,False
2023-02-01,391,75,Product 75,Home,197.2,2,394.41,False
2023-02-13,251,9,Product 9,Clothing,109.74,4,438.97,False
2023-05-26,339,19,Product 19,Beauty,256.74,4,1026.98,False
2023-06-17,305,68,Product 68,Electronics,155.0,2,310.0,False
2023-04-18,356,62,Product 62,Beauty,168.29,1,168.29,False
2023-11-08,192,49,Product 49,Home,262.71,3,788.14,False
2023-06-20,437,2,Product 2,Home,377.98,1,377.98,False
2023-12-19,246,87,Product 87,Groceries,54.19,1,54.19,False
2023-07-19,25,99,Product 99,Home,146.7,1,146.7,False
2023-02-14,153,72,Product 72,Home,262.47,3,787.4,False
2023-07-14,225,71,Product 71,Home,12.24,4,48.95,False
2023-10-06,417,56,Product 56,Electronics,136.56,3,409.69,False
2023-04-26,459,93,Product 93,Beauty,526.44,3,1579.32,False
2023-11-06,140,12,Product 12,Groceries,17.71,4,70.82,False
2023-09-28,468,23,Product 23,Beauty,106.87,1,106.87,False
2023-03-08,159,34,Product 34,Beauty,222.16,1,222.16,False
2023-02-25,410,71,Product 71,Home,14.41,4,57.63,False
2023-03-23,150,40,Product 40,Electronics,474.68,3,1424.03,False
2023-08-10,397,33,Product 33,Groceries,27.48,2,54.97,False
2023-09-08,224,41,Product 41,Groceries,132.84,3,398.52,False
2023-05-30,252,63,Product 63,Beauty,461.61,3,1384.83,False
2023-10-28,383,95,Product 95,Home,324.59,4,1298.36,False
2023-01-13,207,57,Product 57,Groceries,529.47,2,1058.94,False
2023-03-06,279,52,Product 52,Clothing,156.68,4,626.73,False
2023-09-14,456,6,Product 6,Groceries,61.49,1,61.49,False
2023-05-06,58,74,Product 74,Clothing,203.06,4,812.26,False
2023-02-20,167,86,Product 86,Clothing,543.91,2,1087.82,False
2023-10-19,61,59,Product 59,Beauty,99.82,1,99.82,False
2023-09-14,15,68,Product 68,Electronics,107.66,3,322.99,False
2023-04-03,234,80,Product 80,Beauty,168.74,2,337.48,False
2023-11-22,499,43,Product 43,Home,385.37,2,770.75,False
2023-09-13,300,23,Product 23,Beauty,97.28,2,194.56,False
2023-04-12,31,36,Product 36,Clothing,543.6,3,1630.81,False
2023-10-21,304,22,Product 22,Clothing,119.4,4,477.62,False
2023-09-27,47,78,Product 78,Groceries,113.76,1,113.76,False
2023-10-25,283,19,Product 19,Beauty,172.38,2,344.76,False
2023-08-28,17,80,Product 80,Beauty,134.05,2,268.1,False
2023-02-18,78,68,Product 68,Electronics,162.21,4,648.82,False
2023-08-15,480,76,Product 76,Electronics,181.26,3,543.78,False
2023-01-15,65,16,Product 16,Home,216.47,3,649.41,False
2023-04-25,205,77,Product 77,Electronics,144.58,4,578.31,False
2023-11-02,290,50,Product 50,Home,63.81,4,255.23,False
2023-09-10,327,26,Product 26,Home,387.79,1,387.79,False
2023-05-15,53,10,Product 10,Beauty,353.81,1,353.81,False
2023-04-28,248,19,Product 19,Beauty,258.69,3,776.06,False
2023-04-27,402,49,Product 49,Home,303.95,3,911.86,False
2023-02-27,134,96,Product 96,Home,215.69,1,215.69,False
2023-10-12,24,26,Product 26,Home,379.98,3,1139.93,False
2023-08-09,120,78,Product 78,Groceries,105.94,2,211.88,False
2023-10-22,144,70,Product 70,Groceries,147.37,2,294.74,False
2023-09-05,38,43,Product 43,Home,333.87,1,333.87,False
2023-07-27,125,83,Product 83,Beauty,157.83,3,473.49,False
2023-05-06,68,45,Product 45,Clothing,67.24,4,268.95,False
2023-12-18,270,96,Product 96,Home,174.63,1,174.63,False
2023-01-19,472,41,Product 41,Groceries,162.32,4,649.26,False
2023-02-22,112,45,Product 45,Clothing,78.96,2,157.93,False
2023-11-03,410,73,Product 73,Beauty,312.32,1,312.32,False
2023-10-27,174,33,Product 33,Groceries,28.64,1,28.64,False
2023-05-16,239,55,Product 55,Beauty,124.26,4,497.05,False
2023-03-26,125,25,Product 25,Groceries,275.01,4,1100.03,False
2023-03-11,380,10,Product 10,Beauty,410.83,1,410.83,False
2023-01-06,227,10,Product 10,Beauty,332.87,4,1331.49,False
2023-04-26,241,16,Product 16,Home,212.56,1,212.56,False
2023-05-05,85,19,Product 19,Beauty,261.6,2,523.2,False
2023-08-15,411,82,Product 82,Clothing,191.57,1,191.57,False
2023-09-14,208,49,Product 49,Home,227.92,1,227.92,False
2023-02-21,310,98,Product 98,Clothing,492.39,3,1477.18,False
2023-06-08,153,71,Product 71,Home,13.3,2,26.59,False
2023-04-07,244,83,Product 83,Beauty,224.78,4,899.12,False
2023-10-25,279,95,Product 95,Home,301.9,2,603.81,False
2023-07-21,152,42,Product 42,Home,99.5,1,99.5,False
2023-05-27,182,63,Product 63,Beauty,439.22,3,1317.66,False
2023-03-01,60,59,Product 59,Beauty,138.63,3,415.9,False
2023-12-04,310,35,Product 35,Clothing,269.78,1,269.78,False
2023-05-06,224,60,Product 60,Home,413.82,2,827.63,False
2023-08-27,326,2,Product 2,Home,325.08,2,650.15,False
2023-08-06,213,22,Product 22,Clothing,138.71,1,138.71,False
2023-12-12,264,100,Product 100,Electronics,118.11,1,118.11,False
2023-12-08,482,64,Product 64,Groceries,126.22,4,504.88,False
2023-07-04,262,78,Product 78,Groceries,124.21,2,248.42,False
2023-07-16,216,10,Product 10,Beauty,279.16,2,558.32,False
2023-10-27,363,77,Product 77,Electronics,106.98,2,213.95,False
2023-10-02,135,19,Product 19,Beauty,184.96,4,739.82,False
2023-01-02,195,81,Product 81,Electronics,150.2,2,300.4,False
2023-08-08,151,74,Product 74,Clothing,140.11,1,140.11,False
2023-09-23,80,5,Product 5,Home,351.3,2,702.61,False
2023-09-04,157,71,Product 71,Home,10.68,1,10.68,False
2023-07-29,91,60,Product 60,Home,330.97,4,1323.9,False
2023-08-13,321,67,Product 67,Groceries,156.72,1,156.72,False
2023-07-24,15,41,Product 41,Groceries,135.18,1,135.18,False
2023-07-06,23,6,Product 6,Groceries,75.44,2,150.87,False
2023-06-20,174,29,Product 29,Clothing,271.02,3,813.07,False
2023-05-14,349,93,Product 93,Beauty,436.78,2,873.56,False
2023-03-22,91,35,Product 35,Clothing,340.18,2,680.36,False
2023-04-22,207,1,Product 1,Groceries,524.43,1,524.43,False
2023-01-07,466,13,Product 13,Home,365.42,4,1461.68,False
2023-12-14,434,99,Product 99,Home,162.67,1,162.67,False
2023-06-13,203,58,Product 58,Beauty,266.48,1,266.48,False
2023-05-23,384,47,Product 47,Clothing,68.59,4,274.36,False
2023-02-04,59,59,Product 59,Beauty,131.94,2,263.88,False
2023-01-28,344,23,Product 23,Beauty,133.36,2,266.71,False
2023-06-26,71,50,Product 50,Home,73.71,2,147.41,False
2023-12-06,148,19,Product 19,Beauty,243.89,4,975.54,False
2023-10-26,491,44,Product 44,Home,39.7,4,158.81,False
2023-02-25,472,6,Product 6,Groceries,95.25,2,190.5,False
2023-04-28,242,88,Product 88,Home,160.61,3,481.83,False
2023-11-13,59,95,Product 95,Home,305.21,1,305.21,False
2023-12-11,170,17,Product 17,Groceries,275.95,1,275.95,False
2023-08-12,496,20,Product 20,Clothing,356.38,1,356.38,False
2023-09-29,472,61,Product 61,Groceries,392.53,2,785.06,False
2023-07-25,353,92,Product 92,Home,85.45,4,341.82,False
2023-05-21,206,69,Product 69,Home,224.32,3,672.97,False
2023-03-21,440,43,Product 43,Home,493.79,1,493.79,False
2023-08-13,127,47,Product 47,Clothing,51.37,3,154.1,False
2023-01-13,312,70,Product 70,Groceries,183.74,3,551.21,False
2023-07-31,365,78,Product 78,Groceries,127.65,4,510.6,False
2023-08-21,21,35,Product 35,Clothing,247.46,4,989.85,False
2023-03-06,304,36,Product 36,Clothing,576.02,4,2304.1,False
2023-05-19,66,10,Product 10,Beauty,377.97,1,377.97,False
2023-09-10,81,63,Product 63,Beauty,353.47,2,706.94,False
2023-12-25,342,2,Product 2,Home,364.77,1,364.77,False
2023-12-31,273,61,Product 61,Groceries,450.07,1,450.07,False
2023-08-08,337,52,Product 52,Clothing,105.65,1,105.65,False
2023-08-25,382,46,Product 46,Electronics,255.26,1,255.26,False
2023-08-28,300,96,Product 96,Home,151.33,3,453.99,False
2023-05-30,444,89,Product 89,Beauty,359.27,2,718.55,False
2023-04-25,87,6,Product 6,Groceries,100.42,2,200.85,False
2023-08-20,221,45,Product 45,Clothing,54.24,3,162.71,False
2023-03-02,218,98,Product 98,Clothing,529.46,4,2117.86,False
2023-03-30,356,80,Product 80,Beauty,169.2,3,507.59,False
2023-02-26,56,21,Product 21,Groceries,361.57,1,361.57,False
2023-01-24,493,48,Product 48,Beauty,441.84,2,883.69,False
2023-05-18,449,99,Product 99,Home,176.87,3,530.61,False
2023-11-24,116,63,Product 63,Beauty,375.78,3,1127.34,False
2023-07-08,470,93,Product 93,Beauty,353.79,4,1415.17,False
2023-08-01,153,64,Product 64,Groceries,93.5,2,187.01,False
2023-07-28,33,2,Product 2,Home,377.4,1,377.4,False
2023-01-25,68,76,Product 76,Electronics,251.24,2,502.47,False
2023-10-16,380,68,Product 68,Electronics,114.43,4,457.73,False
2023-06-26,101,74,Product 74,Clothing,167.72,3,503.15,False
2023-06-23,253,60,Product 60,Home,344.4,3,1033.2,False
2023-11-28,69,44,Product 44,Home,38.08,1,38.08,False
2023-06-08,238,48,Product 48,Beauty,357.65,4,1430.62,False
2023-09-06,3,55,Product 55,Beauty,87.71,3,263.12,False
2023-07-19,246,6,Product 6,Groceries,67.95,2,135.9,False
2023-06-22,175,17,Product 17,Groceries,275.63,1,275.63,False
2023-02-14,183,12,Product 12,Groceries,24.23,1,24.23,False
2023-02-13,260,78,Product 78,Groceries,170.28,4,681.11,False
2023-03-24,159,22,Product 22,Clothing,183.95,2,367.89,False
2023-06-26,123,33,Product 33,Groceries,32.77,4,131.07,False
2023-07-29,480,15,Product 15,Groceries,185.94,2,371.89,False
2023-01-23,436,98,Product 98,Clothing,464.49,3,1393.48,False
2023-11-03,391,94,Product 94,Groceries,333.74,1,333.74,False
2023-03-17,192,45,Product 45,Clothing,74.53,1,74.53,False
2023-07-14,187,90,Product 90,Home,383.81,2,767.61,False
2023-12-15,54,27,Product 27,Groceries,100.24,3,300.71,False
2023-03-06,306,95,Product 95,Home,466.48,1,466.48,False
2023-12-05,132,32,Product 32,Clothing,443.28,2,886.57,False
2023-04-20,456,2,Product 2,Home,458.71,2,917.42,False
2023-04-09,177,79,Product 79,Clothing,460.02,3,1380.06,False
2023-10-27,360,36,Product 36,Clothing,401.12,1,401.12,False
2023-06-19,229,77,Product 77,Electronics,138.49,2,276.98,False
2023-04-08,407,61,Product 61,Groceries,531.63,2,1063.26,False
2023-05-24,388,10,Product 10,Beauty,365.58,2,731.15,False
2023-11-04,323,92,Product 92,Home,94.4,4,377.6,False
2023-07-14,438,70,Product 70,Groceries,170.09,1,170.09,False
2023-08-04,252,13,Product 13,Home,233.9,4,935.58,False
2023-07-02,23,79,Product 79,Clothing,349.17,1,349.17,False
2023-08-22,93,59,Product 59,Beauty,102.73,1,102.73,False
2023-10-09,496,35,Product 35,Clothing,215.15,2,430.29,False
2023-04-23,235,80,Product 80,Beauty,164.11,1,164.11,False
2023-04-15,41,81,Product 81,Electronics,163.96,4,655.83,False
2023-05-16,492,91,Product 91,Electronics,86.22,4,344.87,False
2023-07-10,355,82,Product 82,Clothing,252.76,1,252.76,False
2023-06-15,221,89,Product 89,Beauty,335.16,3,1005.49,False
2023-06-22,113,61,Product 61,Groceries,433.15,1,433.15,False
2023-04-17,300,17,Product 17,Groceries,378.19,1,378.19,False
2023-09-28,18,86,Product 86,Clothing,432.13,4,1728.52,False
2023-09-29,96,96,Product 96,Home,145.33,2,290.65,False
2023-08-16,168,79,Product 79,Clothing,274.04,4,1096.14,False
2023-01-11,409,4,Product 4,Home,64.48,4,257.92,False
2023-08-19,81,3,Product 3,Beauty,76.1,3,228.29,False
2023-06-23,36,91,Product 91,Electronics,88.55,3,265.64,False
2023-02-01,459,92,Product 92,Home,109.98,1,109.98,False
2023-09-18,360,78,Product 78,Groceries,102.93,2,205.86,False
2023-08-23,53,33,Product 33,Groceries,26.65,2,53.31,False
2023-06-14,307,56,Product 56,Electronics,177.7,2,355.41,False
2023-11-02,36,23,Product 23,Beauty,101.98,3,305.95,False
2023-09-11,451,48,Product 48,Beauty,309.11,1,309.11,False
2023-11-01,260,43,Product 43,Home,389.63,1,389.63,False
2023-06-01,238,32,Product 32,Clothing,444.81,1,444.81,False
2023-03-24,196,31,Product 31,Clothing,269.57,1,269.57,False
2023-06-13,402,45,Product 45,Clothing,72.95,4,291.78,False
2023-09-30,227,58,Product 58,Beauty,228.68,4,914.74,False
2023-11-16,437,65,Product 65,Groceries,411.54,1,411.54,False
2023-12-03,198,61,Product 61,Groceries,467.74,1,467.74,False
2023-01-07,383,41,Product 41,Groceries,159.5,1,159.5,False
2023-01-06,121,93,Product 93,Beauty,428.93,4,1715.71,False
2023-02-07,470,39,Product 39,Beauty,56.14,2,112.28,False
2023-06-04,348,76,Product 76,Electronics,198.03,1,198.03,False
2023-09-01,378,54,Product 54,Clothing,19.41,3,58.22,False
2023-08-04,27,38,Product 38,Electronics,132.33,4,529.31,False
2023-02-20,373,98,Product 98,Clothing,535.4,4,2141.6,False
2023-01-13,149,61,Product 61,Groceries,505.26,2,1010.51,False
2023-03-07,154,17,Product 17,Groceries,360.82,2,721.64,False
2023-08-08,5,2,Product 2,Home,298.87,4,1195.49,False
2023-09-11,468,50,Product 50,Home,52.7,4,210.8,False
2023-06-01,382,95,Product 95,Home,328.15,2,656.3,False
2023-04-16,10,44,Product 44,Home,57.34,4,229.35,False
2023-07-03,185,90,Product 90,Home,359.16,3,1077.47,False
2023-12-18,239,69,Product 69,Home,220.73,3,662.18,False
2023-10-22,226,90,Product 90,Home,35.44,3,106.31,True
2023-10-24,360,30,Product 30,Beauty,390.96,2,781.92,False
2023-06-28,273,14,Product 14,Clothing,35.82,1,35.82,False
2023-12-20,9,55,Product 55,Beauty,110.29,4,441.14,False
2023-09-16,385,88,Product 88,Home,109.59,1,109.59,False
2023-09-25,36,78,Product 78,Groceries,96.24,2,192.49,False
2023-05-08,263,72,Product 72,Home,228.0,4,912.02,False
2023-02-20,163,67,Product 67,Groceries,234.1,2,468.2,False
2023-06-23,436,13,Product 13,Home,308.78,2,617.55,False
2023-01-04,155,63,Product 63,Beauty,478.34,2,956.69,False
2023-04-15,53,18,Product 18,Home,520.79,1,520.79,False
2023-11-30,59,93,Product 93,Beauty,354.02,1,354.02,False
2023-04-20,205,85,Product 85,Clothing,324.12,3,972.37,False
2023-11-24,371,38,Product 38,Electronics,132.44,4,529.77,False
2023-02-15,191,100,Product 100,Electronics,131.69,1,131.69,False
2023-04-06,147,86,Product 86,Clothing,543.73,3,1631.2,False
2023-09-26,449,35,Product 35,Clothing,199.1,1,199.1,False
2023-09-09,419,15,Product 15,Groceries,158.38,1,158.38,False
2023-07-09,86,56,Product 56,Electronics,158.16,4,632.65,False
2023-07-24,395,99,Product 99,Home,150.11,3,450.32,False
2023-08-13,220,44,Product 44,Home,41.6,4,166.42,False
2023-06-16,111,47,Product 47,Clothing,57.99,3,173.96,False
2023-05-11,63,40,Product 40,Electronics,417.13,3,1251.4,False
2023-08-06,21,97,Product 97,Groceries,358.96,2,717.92,False
2023-05-23,108,11,Product 11,Clothing,279.99,1,279.99,False
2023-08-05,134,35,Product 35,Clothing,231.68,2,463.37,False
2023-09-25,79,89,Product 89,Beauty,269.96,4,1079.84,False
2023-04-03,21,7,Product 7,Home,24.73,1,24.73,False
2023-08-19,9,90,Product 90,Home,335.16,4,1340.65,False
2023-09-13,396,90,Product 90,Home,297.41,4,1189.65,False
2023-03-09,242,71,Product 71,Home,17.37,2,34.73,False
2023-04-02,246,68,Product 68,Electronics,183.98,2,367.96,False
2023-01-19,480,13,Product 13,Home,347.31,3,1041.93,False
2023-12-22,301,2,Product 2,Home,421.34,4,1685.35,False
2023-04-27,233,4,Product 4,Home,66.28,3,198.85,False
2023-06-29,98,6,Product 6,Groceries,77.05,2,154.11,False
2023-08-22,475,96,Product 96,Home,160.25,4,641.0,False
2023-09-24,345,44,Product 44,Home,37.2,4,148.8,False
2023-02-27,476,13,Product 13,Home,347.22,2,694.45,False
2023-08-08,455,25,Product 25,Groceries,206.07,3,618.21,False
2023-07-12,84,18,Product 18,Home,407.62,1,407.62,False
2023-03-13,358,14,Product 14,Clothing,35.55,3,106.65,False
2023-10-13,50,37,Product 37,Groceries,231.1,4,924.41,False
2023-06-28,283,56,Product 56,Electronics,148.23,2,296.47,False
2023-06-25,478,42,Product 42,Home,110.99,4,443.97,False
2023-08-23,438,61,Product 61,Groceries,395.52,1,395.52,False
2023-10-18,469,89,Product 89,Beauty,261.11,4,1044.45,False
2023-04-15,352,22,Product 22,Clothing,199.79,1,199.79,False
2023-04-11,336,84,Product 84,Electronics,141.14,1,141.14,False
2023-02-23,263,32,Product 32,Clothing,563.11,2,1126.21,False
2023-11-18,351,54,Product 54,Clothing,19.4,4,77.61,False
2023-08-28,134,7,Product 7,Home,16.22,3,48.65,False
2023-03-19,250,21,Product 21,Groceries,322.44,1,322.44,False
2023-06-20,341,68,Product 68,Electronics,150.13,3,450.38,False
2023-04-05,105,11,Product 11,Clothing,325.02,4,1300.06,False
2023-10-25,225,71,Product 71,Home,11.44,2,22.89,False
2023-04-23,384,91,Product 91,Electronics,92.97,4,371.89,False
2023-09-30,153,93,Product 93,Beauty,375.28,4,1501.13,False
2023-09-05,182,69,Product 69,Home,168.32,4,673.27,False
2023-02-04,484,72,Product 72,Home,255.84,4,1023.37,False
2023-11-18,1,85,Product 85,Clothing,263.33,2,526.67,False
2023-07-21,99,1,Product 1,Groceries,428.22,2,856.44,False
2023-07-29,184,66,Product 66,Home,154.83,4,619.33,False
2023-07-09,81,65,Product 65,Groceries,365.64,1,365.64,False
2023-09-05,109,83,Product 83,Beauty,141.6,3,424.81,False
2023-12-28,240,77,Product 77,Electronics,130.79,2,261.57,False
2023-02-04,394,67,Product 67,Groceries,200.05,4,800.19,False
2023-05-21,38,28,Product 28,Groceries,165.75,1,165.75,False
2023-11-03,36,53,Product 53,Home,223.75,1,223.75,False
2023-06-21,319,36,Product 36,Clothing,456.1,2,912.2,False
2023-03-28,171,78,Product 78,Groceries,172.49,1,172.49,False
2023-07-16,223,91,Product 91,Electronics,74.67,1,74.67,False
2023-06-16,400,73,Product 73,Beauty,339.34,3,1018.02,False
2023-01-26,376,98,Product 98,Clothing,437.22,1,437.22,False
2023-02-22,167,17,Product 17,Groceries,360.88,2,721.76,False
2023-04-25,311,81,Product 81,Electronics,172.32,1,172.32,False
2023-09-02,261,100,Product 100,Electronics,87.96,4,351.82,False
2023-09-05,103,56,Product 56,Electronics,143.59,2,287.18,False
2023-03-06,72,60,Product 60,Home,460.7,3,1382.1,False
2023-11-24,484,95,Product 95,Home,297.38,1,297.38,False
2023-06-24,395,68,Product 68,Electronics,146.59,3,439.77,False
2023-07-09,412,32,Product 32,Clothing,401.07,1,401.07,False
2023-07-11,413,54,Product 54,Clothing,21.05,2,42.1,False
2023-10-01,152,44,Product 44,Home,39.16,3,117.49,False
2023-10-31,131,14,Product 14,Clothing,26.2,2,52.4,False
2023-12-30,167,26,Product 26,Home,480.45,4,1921.81,False
2023-01-23,217,56,Product 56,Electronics,195.29,1,195.29,False
2023-10-15,117,80,Product 80,Beauty,111.8,1,111.8,False
2023-03-20,41,31,Product 31,Clothing,262.45,1,262.45,False
2023-11-22,34,24,Product 24,Groceries,184.39,2,368.78,False
2023-10-09,29,9,Product 9,Clothing,83.87,1,83.87,False
2023-07-10,68,91,Product 91,Electronics,71.14,3,213.42,False
2023-10-17,142,60,Product 60,Home,275.34,3,826.02,False
2023-09-17,24,37,Product 37,Groceries,23.11,3,69.34,True
2023-04-19,121,19,Product 19,Beauty,253.71,4,1014.84,False
2023-04-21,190,10,Product 10,Beauty,373.26,4,1493.03,False
2023-12-26,222,36,Product 36,Clothing,464.56,2,929.12,False
2023-06-30,344,96,Product 96,Home,186.97,2,373.95,False
2023-11-27,228,77,Product 77,Electronics,129.31,3,387.93,False
2023-10-12,177,82,Product 82,Clothing,199.73,3,599.2,False
2023-12-04,65,78,Product 78,Groceries,123.96,4,495.82,False
2023-07-31,149,20,Product 20,Clothing,427.61,4,1710.46,False
2023-07-15,283,56,Product 56,Electronics,137.96,3,413.87,False
2023-09-17,250,6,Product 6,Groceries,69.66,3,208.97,False
2023-11-19,103,56,Product 56,Electronics,152.87,4,611.47,False
2023-12-29,194,7,Product 7,Home,20.88,1,20.88,False
2023-11-18,292,40,Product 40,Electronics,353.15,4,1412.61,False
2023-02-28,240,27,Product 27,Groceries,124.97,3,374.91,False
2023-10-18,74,12,Product 12,Groceries,17.69,2,35.37,False
2023-04-04,349,75,Product 75,Home,212.32,3,636.95,False
2023-12-03,334,99,Product 99,Home,177.98,2,355.97,False
2023-10-28,450,27,Product 27,Groceries,83.26,2,166.52,False
2023-11-22,398,18,Product 18,Home,389.26,4,1557.04,False
2023-01-15,299,88,Product 88,Home,135.96,4,543.82,False
2023-04-04,109,80,Product 80,Beauty,177.28,2,354.57,False
2023-04-19,33,69,Product 69,Home,244.74,2,489.48,False
2023-12-13,404,38,Product 38,Electronics,143.57,4,574.29,False
2023-11-23,224,58,Product 58,Beauty,228.86,3,686.57,False
2023-08-15,30,22,Product 22,Clothing,141.63,3,424.88,False
2023-05-12,472,90,Product 90,Home,420.75,4,1683.01,False
2023-02-14,105,80,Product 80,Beauty,179.73,2,359.47,False
2023-07-23,118,65,Product 65,Groceries,400.99,1,400.99,False
2023-10-31,346,31,Product 31,Clothing,196.2,3,588.59,False
2023-11-30,234,31,Product 31,Clothing,199.89,2,399.79,False
2023-12-13,368,95,Product 95,Home,331.87,2,663.75,False
2023-03-27,406,64,Product 64,Groceries,153.59,1,153.59,False
2023-12-02,36,81,Product 81,Electronics,153.77,2,307.53,False
2023-08-01,76,50,Product 50,Home,61.6,3,184.8,False
2023-02-17,62,83,Product 83,Beauty,223.91,3,671.74,False
2023-04-29,417,13,Product 13,Home,345.66,2,691.33,False
2023-08-21,245,43,Product 43,Home,319.79,2,639.58,False
2023-06-28,63,68,Product 68,Electronics,134.66,2,269.32,False
2023-08-16,206,32,Product 32,Clothing,353.3,2,706.6,False
2023-07-03,352,10,Product 10,Beauty,273.45,4,1093.81,False
2023-01-30,205,42,Product 42,Home,114.41,4,457.63,False
2023-06-12,127,48,Product 48,Beauty,400.06,1,400.06,False
2023-12-07,82,14,Product 14,Clothing,29.69,4,118.76,False
2023-12-14,312,80,Product 80,Beauty,161.37,2,322.74,False
2023-05-22,132,3,Product 3,Beauty,103.21,2,206.41,False
2023-07-24,5,82,Product 82,Clothing,245.2,3,735.6,False
2023-11-30,474,67,Product 67,Groceries,171.47,4,685.9,False
2023-06-05,36,93,Product 93,Beauty,408.69,3,1226.06,False
2023-05-04,345,97,Product 97,Groceries,522.37,4,2089.48,False
2023-02-14,109,42,Product 42,Home,136.5,3,409.5,False
2023-03-09,215,11,Product 11,Clothing,337.57,2,675.13,False
2023-04-19,158,32,Product 32,Clothing,493.9,2,987.79,False
2023-03-14,22,62,Product 62,Beauty,173.84,2,347.69,False
2023-05-29,210,85,Product 85,Clothing,295.21,2,590.42,False
2023-06-16,46,11,Product 11,Clothing,261.65,1,261.65,False
2023-11-26,317,67,Product 67,Groceries,160.52,2,321.04,False
2023-03-28,300,70,Product 70,Groceries,209.13,3,627.38,False
2023-06-13,114,66,Product 66,Home,172.86,1,172.86,False
2023-01-04,108,76,Product 76,Electronics,208.53,2,417.06,False
2023-10-19,180,7,Product 7,Home,16.45,4,65.79,False
2023-05-04,264,3,Product 3,Beauty,102.14,1,102.14,False
2023-02-09,160,22,Product 22,Clothing,200.94,1,200.94,False
2023-07-06,87,21,Product 21,Groceries,250.62,3,751.85,False
2023-05-08,49,35,Product 35,Clothing,311.44,3,934.33,False
2023-02-21,67,31,Product 31,Clothing,275.94,4,1103.75,False
2023-06-18,87,28,Product 28,Groceries,160.15,1,160.15,False
2023-10-20,182,4,Product 4,Home,45.79,3,137.38,False
2023-09-16,211,68,Product 68,Electronics,104.33,1,104.33,False
2023-10-24,287,47,Product 47,Clothing,48.88,1,48.88,False
2023-04-26,145,64,Product 64,Groceries,139.66,2,279.32,False
2023-01-31,66,55,Product 55,Beauty,109.6,2,219.19,False
2023-12-30,23,10,Product 10,Beauty,334.35,4,1337.41,False
2023-02-04,371,100,Product 100,Electronics,121.59,4,486.36,False
2023-01-24,103,1,Product 1,Groceries,477.56,4,1910.25,False
2023-10-08,5,28,Product 28,Groceries,131.02,4,524.09,False
2023-03-24,194,82,Product 82,Clothing,313.15,4,1252.59,False
2023-11-23,167,52,Product 52,Clothing,121.03,3,363.1,False
2023-10-17,163,88,Product 88,Home,116.2,2,232.41,False
2023-06-26,148,37,Product 37,Groceries,274.21,1,274.21,False
2023-05-26,167,27,Product 27,Groceries,110.91,4,443.64,False
2023-12-19,306,96,Product 96,Home,172.56,4,690.26,False
2023-05-26,404,45,Product 45,Clothing,74.81,4,299.23,False
2023-09-17,478,80,Product 80,Beauty,108.43,4,433.73,False
2023-02-03,267,70,Product 70,Groceries,227.17,2,454.35,False
2023-07-11,472,97,Product 97,Groceries,440.84,3,1322.53,False
2023-03-11,45,73,Product 73,Beauty,383.66,1,383.66,False
2023-07-11,100,80,Product 80,Beauty,137.79,4,551.15,False
2023-07-03,165,39,Product 39,Beauty,42.54,2,85.09,False
2023-09-26,204,90,Product 90,Home,343.84,4,1375.36,False
2023-09-17,27,18,Product 18,Home,320.92,1,320.92,False
2023-09-08,134,97,Product 97,Groceries,354.62,2,709.24,False
2023-04-01,133,1,Product 1,Groceries,566.45,2,1132.91,False
2023-07-23,72,62,Product 62,Beauty,141.41,1,141.41,False
2023-09-27,278,1,Product 1,Groceries,387.28,4,1549.14,False
2023-03-24,179,96,Product 96,Home,204.69,1,204.69,False
2023-08-14,221,42,Product 42,Home,93.2,4,372.8,False
2023-02-16,149,4,Product 4,Home,67.02,3,201.05,False
2023-01-14,446,56,Product 56,Electronics,175.88,3,527.63,False
2023-04-09,328,84,Product 84,Electronics,135.34,3,406.02,False
2023-12-30,231,84,Product 84,Electronics,129.41,4,517.64,False
2023-10-09,56,48,Product 48,Beauty,313.83,2,627.66,False
2023-04-17,383,14,Product 14,Clothing,37.9,4,151.6,False
2023-02-07,179,70,Product 70,Groceries,226.04,1,226.04,False
2023-08-14,173,60,Product 60,Home,285.16,1,285.16,False
2023-01-10,262,16,Product 16,Home,212.9,4,851.58,False
2023-07-23,16,67,Product 67,Groceries,162.02,4,648.09,False
2023-04-24,164,17,Product 17,Groceries,378.04,4,1512.14,False
2023-06-17,210,95,Product 95,Home,382.24,3,1146.72,False
2023-11-05,435,85,Product 85,Clothing,232.25,3,696.76,False
2023-08-21,311,74,Product 74,Clothing,156.73,4,626.94,False
2023-04-09,363,61,Product 61,Groceries,599.43,4,2397.72,False
2023-05-22,20,99,Product 99,Home,211.7,3,635.1,False
2023-08-01,106,58,Product 58,Beauty,224.82,4,899.3,False
2023-11-17,454,23,Product 23,Beauty,117.11,2,234.22,False
2023-10-20,486,14,Product 14,Clothing,29.71,1,29.71,False
2023-01-15,286,37,Product 37,Groceries,315.51,1,315.51,False
2023-01-30,311,71,Product 71,Home,13.38,2,26.77,False
2023-05-06,351,19,Product 19,Beauty,250.8,2,501.6,False
2023-04-09,91,61,Product 61,Groceries,581.07,4,2324.28,False
2023-01-07,422,34,Product 34,Beauty,205.51,4,822.02,False
2023-03-29,145,56,Product 56,Electronics,200.31,2,400.63,False
2023-04-19,130,2,Product 2,Home,497.87,1,497.87,False
2023-09-25,242,80,Product 80,Beauty,131.26,2,262.52,False
2023-06-25,300,19,Product 19,Beauty,224.63,4,898.5,False
2023-05-07,365,30,Product 30,Beauty,542.8,1,542.8,False
2023-09-01,196,1,Product 1,Groceries,412.84,4,1651.36,False
2023-01-16,379,51,Product 51,Home,382.23,4,1528.92,False
2023-05-13,151,91,Product 91,Electronics,91.62,2,183.25,False
2023-04-19,464,98,Product 98,Clothing,458.84,2,917.69,False
2023-05-01,12,11,Product 11,Clothing,273.45,2,546.9,False
2023-01-30,275,44,Product 44,Home,51.48,2,102.97,False
2023-05-25,232,43,Product 43,Home,429.46,1,429.46,False
2023-04-02,6,89,Product 89,Beauty,383.22,2,766.45,False
2023-09-30,447,49,Product 49,Home,205.4,4,821.59,False
2023-09-09,366,85,Product 85,Clothing,219.79,1,219.79,False
2023-03-23,186,93,Product 93,Beauty,557.84,2,1115.68,False
2023-08-11,421,56,Product 56,Electronics,136.73,3,410.19,False
2023-09-14,429,85,Product 85,Clothing,217.77,2,435.53,False
2023-11-25,311,31,Product 31,Clothing,212.62,2,425.25,False
2023-11-14,58,32,Product 32,Clothing,368.2,3,1104.59,False
2023-09-13,142,38,Product 38,Electronics,118.39,1,118.39,False
2023-04-11,91,15,Product 15,Groceries,236.36,2,472.72,False
2023-08-27,463,80,Product 80,Beauty,123.31,4,493.23,False
2023-02-24,437,98,Product 98,Clothing,517.81,4,2071.24,False
2023-01-18,413,49,Product 49,Home,285.49,2,570.99,False
2023-08-24,159,7,Product 7,Home,17.12,2,34.25,False
2023-10-29,148,53,Product 53,Home,211.69,1,211.69,False
2023-09-02,470,98,Product 98,Clothing,316.97,1,316.97,False
2023-04-14,406,70,Product 70,Groceries,205.57,1,205.57,False
2023-09-18,255,68,Product 68,Electronics,105.0,2,210.01,False
2023-03-25,480,61,Product 61,Groceries,610.05,2,1220.09,False
2023-04-28,469,37,Product 37,Groceries,342.56,3,1027.69,False
2023-11-07,270,24,Product 24,Groceries,193.67,2,387.33,False
2023-04-08,147,19,Product 19,Beauty,285.03,1,285.03,False
2023-11-29,275,11,Product 11,Clothing,220.16,3,660.47,False
2023-07-06,178,18,Product 18,Home,406.65,4,1626.6,False
2023-05-31,25,89,Product 89,Beauty,375.01,1,375.01,False
2023-12-31,81,43,Product 43,Home,427.4,3,1282.19,False
2023-02-27,456,97,Product 97,Groceries,510.0,2,1019.99,False
2023-06-11,419,40,Product 40,Electronics,373.34,3,1120.01,False
2023-07-17,450,14,Product 14,Clothing,31.75,2,63.5,False
2023-06-11,166,69,Product 69,Home,205.55,3,616.66,False
2023-03-11,327,89,Product 89,Beauty,350.94,2,701.88,False
2023-01-06,367,75,Product 75,Home,176.09,4,704.35,False
2023-08-15,474,74,Product 74,Clothing,152.34,1,152.34,False
2023-01-01,268,8,Product 8,Clothing,428.07,3,1284.2,False
2023-09-27,14,12,Product 12,Groceries,18.44,3,55.31,False
2023-03-16,469,49,Product 49,Home,365.59,2,731.19,False
2023-10-06,82,54,Product 54,Clothing,17.74,1,17.74,False
2023-11-17,486,43,Product 43,Home,384.02,3,1152.07,False
2023-05-07,27,26,Product 26,Home,519.63,2,1039.25,False
2023-08-21,454,47,Product 47,Clothing,49.22,3,147.65,False
2023-02-25,401,52,Product 52,Clothing,153.54,4,614.17,False
2023-01-31,445,38,Product 38,Electronics,174.61,3,523.82,False
2023-07-17,447,40,Product 40,Electronics,322.4,3,967.19,False
2023-11-28,92,28,Product 28,Groceries,158.25,2,316.51,False
2023-05-01,307,38,Product 38,Electronics,183.2,4,732.79,False
2023-05-30,12,46,Product 46,Electronics,327.78,3,983.35,False
2023-04-30,388,12,Product 12,Groceries,25.18,1,25.18,False
2023-02-05,119,33,Product 33,Groceries,38.99,2,77.98,False
2023-05-11,102,91,Product 91,Electronics,86.58,3,259.75,False
2023-08-02,351,44,Product 44,Home,38.72,2,77.43,False
2023-09-20,79,13,Product 13,Home,246.16,2,492.31,False
2023-12-18,218,95,Product 95,Home,374.89,3,1124.66,False
2023-07-12,399,97,Product 97,Groceries,428.14,4,1712.55,False
2023-09-27,344,29,Product 29,Clothing,249.3,2,498.6,False
2023-08-09,348,95,Product 95,Home,314.27,4,1257.06,False
2023-11-04,228,14,Product 14,Clothing,28.0,2,56.01,False
2023-09-22,304,30,Product 30,Beauty,413.05,1,413.05,False
2023-01-12,164,72,Product 72,Home,213.1,3,639.31,False
2023-02-25,78,39,Product 39,Beauty,59.72,1,59.72,False
2023-12-28,4,40,Product 40,Electronics,379.69,4,1518.75,False
2023-06-27,425,52,Product 52,Clothing,121.41,4,485.62,False
2023-07-05,98,44,Product 44,Home,37.97,1,37.97,False
2023-05-20,465,28,Product 28,Groceries,190.24,1,190.24,False
2023-11-07,43,64,Product 64,Groceries,101.06,3,303.18,False
2023-07-22,487,27,Product 27,Groceries,82.06,2,164.12,False
2023-01-21,45,3,Product 3,Beauty,88.7,1,88.7,False
2023-04-11,13,15,Product 15,Groceries,242.48,3,727.45,False
2023-04-05,177,55,Product 55,Beauty,132.51,1,132.51,False
2023-12-16,290,63,Product 63,Beauty,442.85,3,1328.54,False
2023-07-01,440,59,Product 59,Beauty,105.44,3,316.31,False
2023-08-10,388,40,Product 40,Electronics,321.93,2,643.87,False
2023-01-13,306,43,Product 43,Home,479.98,2,959.95,False
2023-04-13,227,95,Product 95,Home,383.54,3,1150.62,False
2023-01-29,425,61,Product 61,Groceries,464.0,3,1392.0,False
2023-08-16,365,90,Product 90,Home,335.36,3,1006.09,False
2023-12-01,198,48,Product 48,Beauty,391.12,2,782.24,False
2023-06-03,196,25,Product 25,Groceries,242.09,3,726.27,False
2023-07-27,206,74,Product 74,Clothing,171.21,3,513.62,False
2023-12-01,2,20,Product 20,Clothing,522.26,3,1566.77,False
2023-01-01,406,64,Product 64,Groceries,140.8,2,281.6,False
2023-05-04,252,29,Product 29,Clothing,348.51,4,1394.05,False
2023-06-29,411,14,Product 14,Clothing,29.62,3,88.85,False
2023-08-01,88,22,Product 22,Clothing,142.21,1,142.21,False
2023-11-05,72,96,Product 96,Home,174.58,1,174.58,False
2023-11-10,46,70,Product 70,Groceries,178.49,4,713.95,False
2023-11-09,239,3,Product 3,Beauty,72.67,2,145.34,False
2023-03-05,469,67,Product 67,Groceries,223.42,1,223.42,False
2023-08-22,354,20,Product 20,Clothing,376.77,3,1130.31,False
2023-01-11,69,84,Product 84,Electronics,152.24,4,608.97,False
2023-03-11,326,87,Product 87,Groceries,61.46,3,184.37,False
2023-08-10,382,14,Product 14,Clothing,27.84,3,83.52,False
2023-06-22,90,56,Product 56,Electronics,170.93,4,683.73,False
2023-09-10,331,6,Product 6,Groceries,70.3,1,70.3,False
2023-02-16,448,4,Product 4,Home,70.14,1,70.14,False
2023-07-15,418,27,Product 27,Groceries,89.97,3,269.92,False
2023-09-28,98,44,Product 44,Home,37.02,1,37.02,False
2023-11-18,288,51,Product 51,Home,377.8,4,1511.18,False
2023-09-03,122,30,Product 30,Beauty,420.41,1,420.41,False
2023-05-21,293,11,Product 11,Clothing,318.29,2,636.57,False
2023-07-27,181,11,Product 11,Clothing,259.8,4,1039.18,False
2023-03-02,216,62,Product 62,Beauty,182.92,2,365.83,False
2023-05-22,210,55,Product 55,Beauty,112.92,3,338.75,False
2023-12-24,404,4,Product 4,Home,56.2,4,224.79,False
2023-07-21,280,50,Product 50,Home,66.79,1,66.79,False
2023-08-19,23,81,Product 81,Electronics,125.13,1,125.13,False
2023-07-14,87,15,Product 15,Groceries,168.42,4,673.7,False
2023-07-19,124,61,Product 61,Groceries,381.18,2,762.37,False
2023-12-03,322,80,Product 80,Beauty,147.64,2,295.28,False
2023-10-05,345,61,Product 61,Groceries,360.03,4,1440.12,False
2023-07-27,259,70,Product 70,Groceries,174.51,4,698.04,False
2023-05-13,149,96,Product 96,Home,210.62,2,421.23,False
2023-03-22,394,84,Product 84,Electronics,145.37,3,436.12,False
2023-04-21,478,63,Product 63,Beauty,522.75,3,1568.24,False
2023-03-15,109,71,Product 71,Home,14.82,1,14.82,False
2023-03-13,13,8,Product 8,Clothing,398.75,4,1595.0,False
2023-12-07,470,26,Product 26,Home,420.09,4,1680.37,False
2023-10-06,208,20,Product 20,Clothing,407.34,3,1222.03,False
2023-04-16,171,56,Product 56,Electronics,185.86,3,557.57,False
2023-04-26,48,39,Product 39,Beauty,56.4,2,112.81,False
2023-04-19,357,54,Product 54,Clothing,28.23,3,84.7,False
2023-05-30,258,96,Product 96,Home,205.99,3,617.97,False
2023-05-25,231,79,Product 79,Clothing,362.56,4,1450.25,False
2023-09-12,382,51,Product 51,Home,335.88,1,335.88,False
2023-03-13,136,33,Product 33,Groceries,39.83,4,159.33,False
2023-01-17,459,69,Product 69,Home,217.88,3,653.63,False
2023-04-09,290,1,Product 1,Groceries,583.57,4,2334.29,False
2023-05-06,460,66,Product 66,Home,172.51,2,345.02,False
2023-07-31,142,20,Product 20,Clothing,445.7,2,891.4,False
2023-02-13,374,79,Product 79,Clothing,458.79,1,458.79,False
2023-11-29,422,94,Product 94,Groceries,323.75,2,647.5,False
2023-11-16,337,7,Product 7,Home,19.19,3,57.58,False
2023-12-04,218,19,Product 19,Beauty,232.0,1,232.0,False
2023-05-05,181,49,Product 49,Home,293.51,2,587.01,False
2023-05-17,132,56,Product 56,Electronics,191.23,1,191.23,False
2023-06-29,385,89,Product 89,Beauty,309.86,4,1239.44,False
2023-07-06,215,49,Product 49,Home,255.86,3,767.58,False
2023-08-16,279,14,Product 14,Clothing,28.28,2,56.57,False
2023-01-27,404,31,Product 31,Clothing,239.57,1,239.57,False
2023-10-23,149,15,Product 15,Groceries,157.62,3,472.86,False
2023-02-11,306,49,Product 49,Home,317.74,1,317.74,False
2023-07-15,206,37,Product 37,Groceries,252.86,1,252.86,False
2023-02-18,414,39,Product 39,Beauty,56.24,1,56.24,False
2023-08-20,34,48,Product 48,Beauty,330.91,3,992.73,False
2023-01-26,275,88,Product 88,Home,139.48,4,557.93,False
2023-03-12,400,46,Product 46,Electronics,365.71,1,365.71,False
2023-12-11,394,36,Product 36,Clothing,485.68,2,971.35,False
2023-02-03,173,82,Product 82,Clothing,313.67,2,627.34,False
2023-01-01,167,97,Product 97,Groceries,541.73,1,541.73,False
2023-08-13,494,74,Product 74,Clothing,158.25,2,316.5,False
2023-01-24,241,95,Product 95,Home,421.13,1,421.13,False
2023-12-06,7,2,Product 2,Home,391.37,1,391.37,False
2023-07-31,491,84,Product 84,Electronics,110.82,4,443.26,False
2023-09-18,419,49,Product 49,Home,221.82,3,665.47,False
2023-05-03,228,32,Product 32,Clothing,529.04,3,1587.13,False
2023-06-06,214,22,Product 22,Clothing,158.57,1,158.57,False
2023-10-15,121,1,Product 1,Groceries,397.97,1,397.97,False
2023-12-25,290,40,Product 40,Electronics,370.57,2,741.15,False
2023-11-22,423,32,Product 32,Clothing,395.95,3,1187.84,False
2023-06-18,436,93,Product 93,Beauty,425.25,1,425.25,False
2023-02-01,406,62,Product 62,Beauty,189.38,1,189.38,False
2023-11-05,249,50,Product 50,Home,58.46,2,116.92,False
2023-08-19,64,91,Product 91,Electronics,66.76,2,133.51,False
2023-09-01,68,3,Product 3,Beauty,66.69,2,133.38,False
2023-07-08,82,98,Product 98,Clothing,401.15,2,802.3,False
2023-11-21,479,15,Product 15,Groceries,158.96,4,635.85,False
2023-06-16,153,81,Product 81,Electronics,150.69,2,301.37,False
2023-05-15,128,26,Product 26,Home,530.77,1,530.77,False
2023-08-10,17,56,Product 56,Electronics,124.0,1,124.0,False
2023-05-01,374,93,Product 93,Beauty,489.71,3,1469.12,False
2023-03-07,477,75,Product 75,Home,210.22,1,210.22,False
2023-06-12,363,91,Product 91,Electronics,91.34,4,365.35,False
2023-08-25,12,5,Product 5,Home,341.28,1,341.28,False
2023-05-04,54,31,Product 31,Clothing,275.77,4,1103.08,False
2023-05-21,356,10,Product 10,Beauty,365.16,3,1095.47,False
2023-12-13,180,61,Product 61,Groceries,470.11,3,1410.34,False
2023-12-18,496,4,Product 4,Home,64.14,4,256.56,False
2023-10-01,176,73,Product 73,Beauty,291.2,2,582.39,False
2023-12-13,109,72,Product 72,Home,211.81,3,635.44,False
2023-07-14,107,6,Product 6,Groceries,76.46,3,229.39,False
2023-05-19,347,88,Product 88,Home,132.08,1,132.08,False
2023-12-04,36,62,Product 62,Beauty,140.46,1,140.46,False
2023-11-03,449,11,Product 11,Clothing,239.81,3,719.42,False
2023-03-28,327,84,Product 84,Electronics,143.59,4,574.37,False
2023-05-22,487,21,Product 21,Groceries,342.79,1,342.79,False
2023-11-22,425,56,Product 56,Electronics,159.88,1,159.88,False
2023-05-01,199,39,Product 39,Beauty,51.33,4,205.32,False
2023-12-11,237,45,Product 45,Clothing,63.05,2,126.09,False
2023-05-05,167,48,Product 48,Beauty,436.41,3,1309.23,False
2023-01-10,315,4,Product 4,Home,70.42,4,281.69,False
2023-08-12,2,15,Product 15,Groceries,158.62,1,158.62,False
2023-11-10,189,69,Product 69,Home,183.13,1,183.13,False
2023-04-30,185,40,Product 40,Electronics,472.93,1,472.93,False
2023-02-23,169,3,Product 3,Beauty,96.58,1,96.58,False
2023-08-27,202,49,Product 49,Home,231.74,4,926.95,False
2023-12-30,88,69,Product 69,Home,198.18,4,792.72,False
2023-10-26,470,23,Product 23,Beauty,102.97,2,205.93,False
2023-06-06,479,24,Product 24,Groceries,242.96,1,242.96,False
2023-04-13,491,32,Product 32,Clothing,565.97,3,1697.91,False
2023-08-10,462,46,Product 46,Electronics,282.27,2,564.54,False
2023-07-17,81,64,Product 64,Groceries,113.21,3,339.64,False
2023-10-29,39,44,Product 44,Home,39.07,2,78.14,False
2023-02-09,118,39,Product 39,Beauty,54.86,2,109.71,False
2023-06-08,349,4,Product 4,Home,56.61,2,113.23,False
2023-12-10,491,28,Product 28,Groceries,153.34,4,613.36,False
2023-05-18,198,29,Product 29,Clothing,331.81,1,331.81,False
2023-02-13,365,35,Product 35,Clothing,305.73,1,305.73,False
2023-12-19,340,37,Product 37,Groceries,269.64,3,808.91,False
2023-04-08,305,37,Product 37,Groceries,294.52,1,294.52,False
2023-05-24,168,53,Product 53,Home,317.16,3,951.48,False
2023-07-23,386,93,Product 93,Beauty,377.29,2,754.58,False
2023-01-31,23,64,Product 64,Groceries,137.94,38,5241.65,True
2023-11-29,445,49,Product 49,Home,253.71,1,253.71,False
2023-09-08,187,90,Product 90,Home,334.91,3,1004.73,False
2023-06-08,409,18,Product 18,Home,454.55,4,1818.18,False
2023-02-01,262,15,Product 15,Groceries,207.99,3,623.98,False
2023-08-07,332,60,Product 60,Home,262.46,2,524.93,False
2023-12-12,408,51,Product 51,Home,419.53,4,1678.14,False
2023-12-18,116,76,Product 76,Electronics,224.06,4,896.22,False
2023-03-07,271,63,Product 63,Beauty,515.39,1,515.39,False
2023-10-13,136,5,Product 5,Home,379.94,4,1519.75,False
2023-08-02,27,100,Product 100,Electronics,100.64,3,301.91,False
2023-03-13,417,23,Product 23,Beauty,145.31,3,435.94,False
2023-06-10,427,98,Product 98,Clothing,386.25,2,772.51,False
2023-09-04,363,29,Product 29,Clothing,243.16,1,243.16,False
2023-05-22,369,67,Product 67,Groceries,195.1,2,390.19,False
2023-03-31,34,100,Product 100,Electronics,146.43,4,585.73,False
2023-08-24,39,70,Product 70,Groceries,151.64,2,303.29,False
2023-05-12,243,54,Product 54,Clothing,26.81,4,107.24,False
2023-12-19,442,72,Product 72,Home,203.26,3,609.77,False
2023-06-29,474,76,Product 76,Electronics,191.49,2,382.99,False
2023-04-04,40,52,Product 52,Clothing,143.64,3,430.92,False
2023-07-23,292,91,Product 91,Electronics,77.23,1,77.23,False
2023-02-06,214,12,Product 12,Groceries,26.51,4,106.06,False
2023-10-15,380,62,Product 62,Beauty,124.48,1,124.48,False
2023-10-24,139,80,Product 80,Beauty,112.12,2,224.24,False
2023-06-23,467,65,Product 65,Groceries,479.5,2,958.99,False
2023-12-06,55,97,Product 97,Groceries,496.06,2,992.11,False
2023-04-08,308,42,Product 42,Home,127.09,1,127.09,False
2023-11-26,31,84,Product 84,Electronics,110.8,4,443.2,False
2023-08-28,497,53,Product 53,Home,233.43,3,700.3,False
2023-10-29,56,46,Product 46,Electronics,249.37,2,498.74,False
2023-11-23,396,76,Product 76,Electronics,198.18,3,594.53,False
2023-11-30,74,31,Product 31,Clothing,194.18,4,776.74,False
2023-09-26,192,84,Product 84,Electronics,99.7,4,398.79,False
2023-03-07,355,68,Product 68,Electronics,162.39,4,649.55,False
2023-03-28,252,1,Product 1,Groceries,514.28,2,1028.56,False
2023-07-19,68,78,Product 78,Groceries,111.89,1,111.89,False
2023-05-22,102,88,Product 88,Home,142.3,2,284.6,False
2023-01-17,292,23,Product 23,Beauty,128.79,3,386.38,False
2023-11-30,217,14,Product 14,Clothing,27.23,4,108.92,False
2023-01-05,25,58,Product 58,Beauty,275.92,3,827.77,False
2023-05-17,7,4,Product 4,Home,67.98,3,203.93,False
2023-08-15,162,70,Product 70,Groceries,146.06,2,292.13,False
2023-09-30,202,59,Product 59,Beauty,91.29,2,182.58,False
2023-11-15,334,54,Product 54,Clothing,20.43,3,61.3,False
2023-09-10,258,88,Product 88,Home,103.52,2,207.04,False
2023-03-16,70,2,Product 2,Home,512.5,1,512.5,False
2023-03-11,8,85,Product 85,Clothing,292.24,1,292.24,False
2023-07-09,179,75,Product 75,Home,152.16,1,152.16,False
2023-05-25,92,66,Product 66,Home,192.85,2,385.71,False
2023-09-30,323,94,Product 94,Groceries,277.45,1,277.45,False
2023-01-06,59,49,Product 49,Home,304.83,4,1219.34,False
2023-03-02,390,3,Product 3,Beauty,95.76,2,191.52,False
2023-11-27,29,29,Product 29,Clothing,241.89,3,725.66,False
2023-04-07,101,29,Product 29,Clothing,338.49,2,676.98,False
2023-06-21,163,46,Product 46,Electronics,303.14,2,606.27,False
2023-07-24,36,19,Product 19,Beauty,208.07,1,208.07,False
2023-12-22,370,62,Product 62,Beauty,154.87,4,619.46,False
2023-06-12,106,1,Product 1,Groceries,515.32,1,515.32,False
2023-04-14,148,27,Product 27,Groceries,126.55,2,253.11,False
2023-04-04,204,36,Product 36,Clothing,596.26,4,2385.03,False
2023-10-27,399,69,Product 69,Home,164.61,2,329.22,False
2023-05-11,4,1,Product 1,Groceries,540.67,2,1081.35,False
2023-11-24,383,37,Product 37,Groceries,247.82,3,743.45,False
2023-10-27,256,70,Product 70,Groceries,146.59,2,293.18,False
2023-09-25,64,78,Product 78,Groceries,99.62,2,199.23,False
2023-08-26,435,87,Product 87,Groceries,38.42,3,115.26,False
2023-09-29,347,26,Product 26,Home,364.04,4,1456.16,False
2023-02-25,365,63,Product 63,Beauty,506.63,1,506.63,False
2023-11-13,469,60,Product 60,Home,291.81,3,875.43,False
2023-08-03,304,17,Product 17,Groceries,256.27,4,1025.06,False
2023-07-21,302,71,Product 71,Home,12.66,2,25.32,False
2023-05-05,449,71,Product 71,Home,14.34,3,43.02,False
2023-06-09,342,30,Product 30,Beauty,515.82,3,1547.47,False
2023-08-02,488,80,Product 80,Beauty,133.55,3,400.64,False
2023-06-06,477,87,Product 87,Groceries,45.37,1,45.37,False
2023-03-04,204,66,Product 66,Home,204.39,1,204.39,False
2023-05-11,106,63,Product 63,Beauty,453.71,3,1361.12,False
2023-12-31,302,30,Product 30,Beauty,440.27,3,1320.82,False
2023-06-11,377,22,Product 22,Clothing,145.34,3,436.01,False
2023-11-14,449,18,Product 18,Home,373.95,3,1121.86,False
2023-07-28,242,17,Product 17,Groceries,261.7,4,1046.78,False
2023-11-16,185,79,Product 79,Clothing,340.07,1,340.07,False
2023-09-29,19,43,Product 43,Home,339.25,4,1356.99,False
2023-07-02,55,18,Product 18,Home,351.39,4,1405.56,False
2023-10-28,187,76,Product 76,Electronics,172.02,4,688.08,False
2023-06-28,345,98,Product 98,Clothing,404.64,4,1618.55,False
2023-04-04,194,54,Product 54,Clothing,28.39,2,56.78,False
2023-02-16,228,77,Product 77,Electronics,144.76,2,289.51,False
2023-01-11,428,73,Product 73,Beauty,400.08,3,1200.24,False
2023-12-09,352,57,Product 57,Groceries,485.2,3,1455.59,False
2023-09-20,408,15,Product 15,Groceries,165.19,3,495.56,False
2023-02-08,452,87,Product 87,Groceries,59.06,3,177.19,False
2023-10-08,246,76,Product 76,Electronics,165.5,4,662.0,False
2023-08-25,192,91,Product 91,Electronics,66.1,1,66.1,False
2023-10-13,397,50,Product 50,Home,58.43,3,175.28,False
2023-04-26,486,51,Product 51,Home,429.33,1,429.33,False
2023-04-06,4,69,Product 69,Home,274.86,1,274.86,False
2023-06-02,134,98,Product 98,Clothing,455.87,1,455.87,False
2023-04-29,470,36,Product 36,Clothing,515.65,4,2062.61,False
2023-04-12,391,26,Product 26,Home,542.92,2,1085.83,False
2023-04-29,302,99,Product 99,Home,211.43,3,634.3,False
2023-07-26,138,42,Product 42,Home,92.84,3,278.52,False
2023-02-12,301,20,Product 20,Clothing,520.97,4,2083.89,False
2023-10-20,201,47,Product 47,Clothing,44.62,2,89.25,False
2023-05-04,230,35,Product 35,Clothing,320.41,4,1281.65,False
2023-06-29,479,84,Product 84,Electronics,116.28,3,348.83,False
2023-08-23,91,44,Product 44,Home,39.39,2,78.79,False
2023-06-08,259,69,Product 69,Home,220.5,2,441.0,False
2023-10-22,203,73,Product 73,Beauty,269.87,2,539.74,False
2023-07-10,233,12,Product 12,Groceries,17.99,1,17.99,False
2023-05-09,210,66,Product 66,Home,168.31,3,504.94,False
2023-05-25,81,42,Product 42,Home,118.78,4,475.13,False
2023-07-28,474,77,Product 77,Electronics,132.35,3,397.04,False
2023-07-15,323,48,Product 48,Beauty,343.5,4,1374.01,False
2023-12-24,375,47,Product 47,Clothing,60.7,4,242.8,False
2023-09-08,9,64,Product 64,Groceries,98.91,4,395.66,False
2023-01-14,244,86,Product 86,Clothing,489.81,3,1469.42,False
2023-11-02,127,25,Product 25,Groceries,219.86,4,879.44,False
2023-08-24,79,39,Product 39,Beauty,35.57,4,142.26,False
2023-06-19,420,19,Product 19,Beauty,209.13,2,418.26,False
2023-06-01,320,25,Product 25,Groceries,264.57,2,529.13,False
2023-02-23,434,89,Product 89,Beauty,399.58,3,1198.74,False
2023-10-17,14,43,Product 43,Home,329.18,4,1316.71,False
2023-04-16,93,53,Product 53,Home,328.41,1,328.41,False
2023-12-01,207,94,Product 94,Groceries,366.95,2,733.91,False
2023-10-14,42,40,Product 40,Electronics,352.09,3,1056.28,False
2023-03-18,491,67,Product 67,Groceries,201.98,2,403.95,False
2023-11-29,280,35,Product 35,Clothing,267.43,2,534.86,False
2023-02-18,275,34,Product 34,Beauty,253.45,3,760.35,False
2023-08-13,413,27,Product 27,Groceries,79.56,4,318.24,False
2023-11-28,172,82,Product 82,Clothing,213.2,4,852.81,False
2023-12-06,190,16,Product 16,Home,210.98,3,632.94,False
2023-11-15,421,93,Product 93,Beauty,391.23,2,782.45,False
2023-11-13,386,42,Product 42,Home,94.62,2,189.24,False
2023-07-10,197,100,Product 100,Electronics,96.06,4,384.23,False
2023-06-27,403,39,Product 39,Beauty,44.51,2,89.03,False
2023-06-29,458,92,Product 92,Home,109.65,3,328.94,False
2023-07-02,330,73,Product 73,Beauty,312.06,4,1248.24,False
2023-09-28,401,95,Product 95,Home,267.4,1,267.4,False
2023-01-01,155,47,Product 47,Clothing,57.05,1,57.05,False
2023-06-03,351,17,Product 17,Groceries,326.45,3,979.34,False
2023-08-16,315,14,Product 14,Clothing,29.56,1,29.56,False
2023-02-15,334,51,Product 51,Home,457.45,2,914.91,False
2023-11-25,33,18,Product 18,Home,412.31,2,824.63,False
2023-02-11,432,73,Product 73,Beauty,383.73,3,1151.2,False
2023-06-02,24,9,Product 9,Clothing,95.21,2,190.41,False
2023-04-28,124,76,Product 76,Electronics,235.68,3,707.03,False
2023-03-23,41,98,Product 98,Clothing,515.83,1,515.83,False
2023-12-11,81,40,Product 40,Electronics,423.78,1,423.78,False
2023-05-07,373,94,Product 94,Groceries,354.13,3,1062.38,False
2023-04-19,103,11,Product 11,Clothing,307.94,3,923.81,False
2023-08-10,470,35,Product 35,Clothing,237.1,1,237.1,False
2023-04-01,121,61,Product 61,Groceries,554.01,3,1662.02,False
2023-08-10,132,36,Product 36,Clothing,411.67,1,411.67,False
2023-03-07,489,84,Product 84,Electronics,154.99,2,309.98,False
2023-09-15,356,46,Product 46,Electronics,247.77,1,247.77,False
2023-04-19,68,48,Product 48,Beauty,419.34,1,419.34,False
2023-10-09,297,12,Product 12,Groceries,18.94,1,18.94,False
2023-01-03,279,64,Product 64,Groceries,137.38,3,412.13,False
2023-04-25,359,17,Product 17,Groceries,386.64,4,1546.55,False
2023-01-18,432,3,Product 3,Beauty,91.46,2,182.91,False
2023-06-28,336,42,Product 42,Home,98.35,3,295.06,False
2023-09-13,20,49,Product 49,Home,22.08,3,66.25,True
2023-04-13,78,66,Product 66,Home,214.76,3,644.28,False
2023-07-17,6,55,Product 55,Beauty,101.73,1,101.73,False
2023-12-07,50,47,Product 47,Clothing,55.71,3,167.14,False
2023-06-21,97,14,Product 14,Clothing,30.2,4,120.82,False
2023-07-09,317,64,Product 64,Groceries,113.81,2,227.62,False
2023-11-14,425,16,Product 16,Home,160.12,2,320.24,False
2023-03-23,54,19,Product 19,Beauty,258.03,2,516.07,False
2023-05-16,364,27,Product 27,Groceries,111.16,2,222.31,False
2023-02-25,60,36,Product 36,Clothing,512.79,3,1538.37,False
2023-12-13,33,77,Product 77,Electronics,136.63,3,409.88,False
2023-12-01,228,10,Product 10,Beauty,341.84,2,683.68,False
2023-06-10,241,23,Product 23,Beauty,112.56,2,225.12,False
2023-09-27,147,58,Product 58,Beauty,239.71,3,719.14,False
2023-05-13,183,38,Product 38,Electronics,181.26,3,543.78,False
2023-07-10,252,15,Product 15,Groceries,160.07,2,320.14,False
2023-06-02,220,19,Product 19,Beauty,235.06,1,235.06,False
2023-03-06,63,50,Product 50,Home,86.04,3,258.13,False
2023-03-04,441,90,Product 90,Home,488.2,3,1464.59,False
2023-12-18,104,78,Product 78,Groceries,122.53,1,122.53,False
2023-12-10,131,99,Product 99,Home,160.99,4,643.96,False
2023-12-11,9,4,Product 4,Home,54.08,1,54.08,False
2023-10-04,342,11,Product 11,Clothing,201.02,4,804.08,False
2023-12-04,77,47,Product 47,Clothing,61.85,3,185.56,False
2023-11-16,35,78,Product 78,Groceries,117.89,1,117.89,False
2023-05-17,482,29,Product 29,Clothing,298.86,2,597.71,False
2023-04-19,47,51,Product 51,Home,469.41,3,1408.24,False
2023-12-17,253,66,Product 66,Home,157.41,4,629.64,False
2023-07-16,393,31,Product 31,Clothing,196.7,1,196.7,False
2023-08-08,292,100,Product 100,Electronics,89.43,4,357.73,False
2023-04-14,49,19,Product 19,Beauty,258.43,3,775.3,False
2023-12-31,406,1,Product 1,Groceries,467.67,3,1403.01,False
2023-07-29,124,1,Product 1,Groceries,397.1,1,397.1,False
2023-01-16,75,58,Product 58,Beauty,287.22,4,1148.87,False
2023-10-31,32,74,Product 74,Clothing,136.33,4,545.31,False
2023-03-05,257,73,Product 73,Beauty,441.66,2,883.33,False
2023-12-22,348,36,Product 36,Clothing,504.25,4,2016.99,False
2023-08-27,346,32,Product 32,Clothing,339.64,3,1018.93,False
2023-10-05,419,90,Product 90,Home,369.71,4,1478.85,False
2023-10-27,418,97,Product 97,Groceries,353.91,1,353.91,False
2023-08-21,43,76,Product 76,Electronics,161.86,4,647.44,False
2023-02-20,197,58,Product 58,Beauty,354.24,2,708.48,False
2023-12-29,369,67,Product 67,Groceries,168.04,2,336.09,False
2023-06-02,332,70,Product 70,Groceries,175.22,1,175.22,False
2023-07-10,426,38,Product 38,Electronics,129.34,1,129.34,False
2023-06-12,489,89,Product 89,Beauty,322.89,3,968.66,False
2023-03-01,131,50,Product 50,Home,78.95,3,236.86,False
2023-10-13,150,37,Product 37,Groceries,212.67,2,425.34,False
2023-05-20,465,10,Product 10,Beauty,347.26,3,1041.79,False
2023-02-20,235,38,Product 38,Electronics,166.87,1,166.87,False
2023-10-22,223,55,Product 55,Beauty,90.22,4,360.89,False
2023-05-10,391,98,Product 98,Clothing,449.89,2,899.78,False
2023-04-27,173,77,Product 77,Electronics,166.75,2,333.49,False
2023-12-02,478,6,Product 6,Groceries,80.48,1,80.48,False
2023-06-08,405,35,Product 35,Clothing,247.56,4,990.24,False
2023-08-29,195,65,Product 65,Groceries,336.38,2,672.75,False
2023-08-18,253,99,Product 99,Home,132.63,3,397.89,False
2023-03-22,134,24,Product 24,Groceries,260.29,3,780.87,False
2023-03-28,358,79,Product 79,Clothing,390.79,1,390.79,False
2023-09-27,379,63,Product 63,Beauty,360.27,2,720.54,False
2023-03-26,199,25,Product 25,Groceries,311.25,1,311.25,False
2023-03-17,32,61,Product 61,Groceries,580.81,1,580.81,False
2023-05-10,234,39,Product 39,Beauty,47.04,1,47.04,False
2023-10-05,411,54,Product 54,Clothing,17.07,1,17.07,False
2023-02-07,350,85,Product 85,Clothing,285.32,4,1141.28,False
2023-06-01,370,49,Product 49,Home,281.23,1,281.23,False
2023-02-22,364,36,Product 36,Clothing,521.36,3,1564.07,False
2023-04-29,267,82,Product 82,Clothing,293.63,1,293.63,False
2023-06-13,79,16,Product 16,Home,202.24,2,404.48,False
2023-12-07,367,30,Product 30,Beauty,486.39,4,1945.57,False
2023-03-23,402,73,Product 73,Beauty,411.81,1,411.81,False
2023-12-26,33,46,Product 46,Electronics,341.77,1,341.77,False
2023-09-29,247,98,Product 98,Clothing,327.0,4,1307.98,False
2023-02-14,315,18,Product 18,Home,536.4,1,536.4,False
2023-12-07,28,4,Product 4,Home,56.91,1,56.91,False
2023-09-29,437,57,Product 57,Groceries,348.29,4,1393.17,False
2023-11-03,173,37,Product 37,Groceries,272.82,4,1091.3,False
2023-07-31,135,34,Product 34,Beauty,182.42,2,364.84,False
2023-04-02,424,23,Product 23,Beauty,131.6,4,526.4,False
2023-08-10,30,86,Product 86,Clothing,384.5,1,384.5,False
2023-12-29,407,100,Product 100,Electronics,103.3,2,206.6,False
2023-02-14,450,31,Product 31,Clothing,256.12,2,512.23,False
2023-05-15,372,80,Product 80,Beauty,169.32,2,338.63,False
2023-02-23,8,67,Product 67,Groceries,215.79,4,863.15,False
2023-03-20,137,13,Product 13,Home,354.17,4,1416.7,False
2023-02-09,360,49,Product 49,Home,348.62,4,1394.47,False
2023-02-14,54,20,Product 20,Clothing,573.83,1,573.83,False
2023-09-23,60,81,Product 81,Electronics,110.04,1,110.04,False
2023-02-04,92,22,Product 22,Clothing,174.45,3,523.35,False
2023-03-24,406,12,Product 12,Groceries,23.14,3,69.41,False
2023-02-25,353,5,Product 5,Home,476.32,4,1905.28,False
2023-08-26,381,36,Product 36,Clothing,377.91,2,755.81,False
2023-03-10,11,62,Product 62,Beauty,192.27,2,384.55,False
2023-03-09,382,75,Product 75,Home,186.73,3,560.18,False
2023-07-29,362,1,Product 1,Groceries,428.74,4,1714.96,False
2023-11-12,98,72,Product 72,Home,183.1,1,183.1,False
2023-10-26,426,56,Product 56,Electronics,134.57,1,134.57,False
2023-05-19,256,34,Product 34,Beauty,233.6,1,233.6,False
2023-09-20,295,49,Product 49,Home,226.83,4,907.34,False
2023-11-24,198,20,Product 20,Clothing,438.59,4,1754.37,False
2023-04-28,413,42,Product 42,Home,128.01,4,512.02,False
2023-07-03,411,21,Product 21,Groceries,272.65,3,817.95,False
2023-02-18,332,96,Product 96,Home,214.77,4,859.1,False
2023-07-02,334,1,Product 1,Groceries,398.44,1,398.44,False
2023-03-31,253,91,Product 91,Electronics,101.96,3,305.89,False
2023-01-04,10,31,Product 31,Clothing,247.87,2,495.73,False
2023-11-13,399,17,Product 17,Groceries,246.72,2,493.44,False
2023-09-19,134,29,Product 29,Clothing,220.5,1,220.5,False
2023-06-27,12,78,Product 78,Groceries,139.33,2,278.65,False
2023-03-30,349,25,Product 25,Groceries,276.61,2,553.23,False
2023-08-03,315,72,Product 72,Home,160.71,4,642.83,False
2023-02-12,457,97,Product 97,Groceries,553.1,2,1106.19,False
2023-03-19,299,65,Product 65,Groceries,556.2,2,1112.41,False
2023-10-27,395,54,Product 54,Clothing,17.76,3,53.29,False
2023-03-17,413,3,Product 3,Beauty,94.64,1,94.64,False
2023-06-28,311,21,Product 21,Groceries,273.67,3,821.0,False
2023-06-19,13,9,Product 9,Clothing,92.7,1,92.7,False
2023-08-08,175,52,Product 52,Clothing,94.06,3,282.17,False
2023-06-14,386,37,Product 37,Groceries,284.42,3,853.27,False
2023-09-08,490,12,Product 12,Groceries,16.69,4,66.75,False
2023-04-06,343,89,Product 89,Beauty,339.07,3,1017.21,False
2023-12-14,263,35,Product 35,Clothing,258.79,2,517.57,False
2023-01-08,127,62,Product 62,Beauty,169.48,3,508.45,False
2023-01-26,50,61,Product 61,Groceries,540.46,4,2161.84,False
2023-10-26,39,10,Product 10,Beauty,283.65,3,850.95,False
2023-03-19,346,20,Product 20,Clothing,526.92,1,526.92,False
2023-12-11,230,27,Product 27,Groceries,97.91,1,97.91,False
2023-04-11,153,45,Product 45,Clothing,80.4,1,80.4,False
2023-11-20,131,52,Product 52,Clothing,105.59,2,211.18,False
